event_type,event_type_slug,instrumented_commit,instrumented_pr,instrumented_date,instrumented_author_email,retired_commit,retired_pr,retired_date,retired_author_email,last_code_change_date,call_site_count,call_site_retired_date,updated_at
10 DLC Compliance - PIN Verification Completed,10_dlc_compliance_pin_verification_completed,ecf326d35c1db1bd0af368b87a335b47286e8716,https://github.com/thegoodparty/omni/pull/1049,2025-10-06,aaron@goodparty.org,,,,,2025-10-06,,,2026-06-30T20:12:33
10 DLC Compliance - Registration Submitted,10_dlc_compliance_registration_submitted,ecf326d35c1db1bd0af368b87a335b47286e8716,https://github.com/thegoodparty/omni/pull/1049,2025-10-06,aaron@goodparty.org,fd74078f7caa3d32df9f6d362ab5d18d10340452,https://github.com/thegoodparty/omni/pull/1970,2026-06-05,tomer@goodparty.org,2026-06-05,,,2026-06-30T20:12:33
AI Assistant - Chat History: Click delete,ai_assistant_chat_history_click_delete,1170c2777b41a1baf9f50650655aa705fdf7bbb3,,2025-02-26,snayak00@gmail.com,1a56730282e3effe99704f71b79ac9d6a7204c78,https://github.com/thegoodparty/omni/pull/1033,2026-07-27,5633757+dealvz@users.noreply.github.com,2026-07-27,,,2026-07-28T22:45:44
AI Assistant - Chat History: Click menu,ai_assistant_chat_history_click_menu,1170c2777b41a1baf9f50650655aa705fdf7bbb3,,2025-02-26,snayak00@gmail.com,1a56730282e3effe99704f71b79ac9d6a7204c78,https://github.com/thegoodparty/omni/pull/1033,2026-07-27,5633757+dealvz@users.noreply.github.com,2026-07-27,,,2026-07-28T22:45:44
AI Assistant - Chat: Click copy,ai_assistant_chat_click_copy,1170c2777b41a1baf9f50650655aa705fdf7bbb3,,2025-02-26,snayak00@gmail.com,1a56730282e3effe99704f71b79ac9d6a7204c78,https://github.com/thegoodparty/omni/pull/1033,2026-07-27,5633757+dealvz@users.noreply.github.com,2026-07-27,,,2026-07-28T22:45:44
AI Assistant - Chat: Click regenerate,ai_assistant_chat_click_regenerate,1170c2777b41a1baf9f50650655aa705fdf7bbb3,,2025-02-26,snayak00@gmail.com,1a56730282e3effe99704f71b79ac9d6a7204c78,https://github.com/thegoodparty/omni/pull/1033,2026-07-27,5633757+dealvz@users.noreply.github.com,2026-07-27,,,2026-07-28T22:45:44
AI Assistant - Chat: Click thumbs down,ai_assistant_chat_click_thumbs_down,1170c2777b41a1baf9f50650655aa705fdf7bbb3,,2025-02-26,snayak00@gmail.com,1a56730282e3effe99704f71b79ac9d6a7204c78,https://github.com/thegoodparty/omni/pull/1033,2026-07-27,5633757+dealvz@users.noreply.github.com,2026-07-27,,,2026-07-28T22:45:44
AI Assistant - Chat: Click thumbs up,ai_assistant_chat_click_thumbs_up,1170c2777b41a1baf9f50650655aa705fdf7bbb3,,2025-02-26,snayak00@gmail.com,1a56730282e3effe99704f71b79ac9d6a7204c78,https://github.com/thegoodparty/omni/pull/1033,2026-07-27,5633757+dealvz@users.noreply.github.com,2026-07-27,,,2026-07-28T22:45:44
AI Assistant - Response Completed,ai_assistant_response_completed,3ca192ba46e2cb82bcf8e84ee0ebce7fe856793a,https://github.com/thegoodparty/omni/pull/171,2026-06-16,tristan@goodparty.org,,,,,2026-06-16,,,2026-06-30T20:12:33
AI Assistant - Response Failed,ai_assistant_response_failed,3ca192ba46e2cb82bcf8e84ee0ebce7fe856793a,https://github.com/thegoodparty/omni/pull/171,2026-06-16,tristan@goodparty.org,,,,,2026-06-16,,,2026-06-30T20:12:33
AI Assistant: Ask a question,ai_assistant_ask_a_question,1170c2777b41a1baf9f50650655aa705fdf7bbb3,,2025-02-26,snayak00@gmail.com,1a56730282e3effe99704f71b79ac9d6a7204c78,https://github.com/thegoodparty/omni/pull/1033,2026-07-27,5633757+dealvz@users.noreply.github.com,2026-07-27,,,2026-07-28T22:45:44
AI Assistant: Click new chat,ai_assistant_click_new_chat,1170c2777b41a1baf9f50650655aa705fdf7bbb3,,2025-02-26,snayak00@gmail.com,1a56730282e3effe99704f71b79ac9d6a7204c78,https://github.com/thegoodparty/omni/pull/1033,2026-07-27,5633757+dealvz@users.noreply.github.com,2026-07-27,,,2026-07-28T22:45:44
AI Assistant: Click view chat history,ai_assistant_click_view_chat_history,1170c2777b41a1baf9f50650655aa705fdf7bbb3,,2025-02-26,snayak00@gmail.com,1a56730282e3effe99704f71b79ac9d6a7204c78,https://github.com/thegoodparty/omni/pull/1033,2026-07-27,5633757+dealvz@users.noreply.github.com,2026-07-27,,,2026-07-28T22:45:44
Account - Password Reset Completed,account_password_reset_completed,b03a053aa73e223181f07083df44be9d819bfc7f,https://github.com/thegoodparty/omni/pull/710,2025-06-23,145415012+oakinh@users.noreply.github.com,58821b65733bc3b6da57c261c7602ee7e8f1c6e5,https://github.com/thegoodparty/omni/pull/732,2026-07-13,tristan@goodparty.org,2026-07-13,,,2026-07-13T21:45:27
Account - Password Reset Requested,account_password_reset_requested,b03a053aa73e223181f07083df44be9d819bfc7f,https://github.com/thegoodparty/omni/pull/710,2025-06-23,145415012+oakinh@users.noreply.github.com,,,,,2026-07-13,,,2026-07-13T21:45:27
Account - Password Set Completed,account_password_set_completed,2fc365543df992198d512fbe2d6053a6d38a1aa7,https://github.com/thegoodparty/omni/pull/888,2025-08-18,tomer@goodparty.org,58821b65733bc3b6da57c261c7602ee7e8f1c6e5,https://github.com/thegoodparty/omni/pull/732,2026-07-13,tristan@goodparty.org,2026-07-13,,,2026-07-13T21:45:27
Account - Pro Subscription Canceled,account_pro_subscription_canceled,a91befe9f1d10ad7c1319b0066b2f2a8035d8d70,https://github.com/thegoodparty/omni/pull/920,2025-09-17,145415012+oakinh@users.noreply.github.com,76c2256cac0700dca9c4094a44961a2d90487934,https://github.com/thegoodparty/omni/pull/732,2026-07-13,tristan@goodparty.org,2026-07-13,,,2026-07-13T21:45:27
Account - Pro Subscription Confirmed,account_pro_subscription_confirmed,ac3e04fb428f001d0ab7bcc471c5c85ef726e2b5,https://github.com/thegoodparty/omni/pull/319,2025-06-27,145415012+oakinh@users.noreply.github.com,,,,,2025-06-27,,,2026-06-30T20:12:33
Account - User Deleted,account_user_deleted,9582a5844f58fb5a53304f8a8dfef0ef25ffb532,https://github.com/thegoodparty/omni/pull/1487,2026-04-20,aaron@goodparty.org,,,,,2026-04-20,,,2026-06-30T20:12:33
Briefing Assistant - Agenda Created,briefing_assistant_agenda_created,acb9d347d9513d1aa6f49c97e9fbb14f6d581b28,https://github.com/thegoodparty/omni/pull/1676,2026-05-28,swain.molster@gmail.com,,,,,2026-05-28,,,2026-06-30T20:12:33
Briefing Assistant - Agenda Not Created,briefing_assistant_agenda_not_created,5b8b5d6d70a84b9178fc66152cda021a6b4a1c03,https://github.com/thegoodparty/omni/pull/30,2026-06-09,swain.molster@gmail.com,,,,,2026-06-09,,,2026-06-30T20:12:33
Briefing Assistant - Agenda Submission Failed,briefing_assistant_agenda_submission_failed,c339b19dec1b846127f34a99f0c6cf406e42a982,https://github.com/thegoodparty/omni/pull/30,2026-06-09,swain.molster@gmail.com,,,,,2026-06-09,,,2026-06-30T20:12:33
Briefing Assistant - Agenda Submitted,briefing_assistant_agenda_submitted,c339b19dec1b846127f34a99f0c6cf406e42a982,https://github.com/thegoodparty/omni/pull/30,2026-06-09,swain.molster@gmail.com,,,,,2026-06-09,,,2026-06-30T20:12:33
Briefing Assistant - Briefing Viewed,briefing_assistant_briefing_viewed,ac4612dcdd10e768290c04d2f3c5f9511b9d64ad,https://github.com/thegoodparty/omni/pull/1892,2026-05-28,swain.molster@gmail.com,,,,,2026-05-28,,,2026-06-30T20:12:33
Briefing Assistant - Dictation Failed,briefing_assistant_dictation_failed,ac4612dcdd10e768290c04d2f3c5f9511b9d64ad,https://github.com/thegoodparty/omni/pull/1892,2026-05-28,swain.molster@gmail.com,7cc460d363f30daec789a6ecbd7566ce8bbbcb81,https://github.com/thegoodparty/omni/pull/1056,2026-07-28,swain.molster@gmail.com,2026-07-28,,,2026-07-28T22:45:44
Briefing Assistant - Dictation Started,briefing_assistant_dictation_started,ac4612dcdd10e768290c04d2f3c5f9511b9d64ad,https://github.com/thegoodparty/omni/pull/1892,2026-05-28,swain.molster@gmail.com,7cc460d363f30daec789a6ecbd7566ce8bbbcb81,https://github.com/thegoodparty/omni/pull/1056,2026-07-28,swain.molster@gmail.com,2026-07-28,,,2026-07-28T22:45:44
Briefing Assistant - Dispatch Skipped,briefing_assistant_dispatch_skipped,5e812c31abb7270dc2516864fca9226da73006f3,https://github.com/thegoodparty/omni/pull/701,2026-07-09,swain.molster@gmail.com,,,,,2026-07-09,,,2026-07-20T11:56:25
Briefing Assistant - Download Clicked,briefing_assistant_download_clicked,ac4612dcdd10e768290c04d2f3c5f9511b9d64ad,https://github.com/thegoodparty/omni/pull/1892,2026-05-28,swain.molster@gmail.com,,,,,2026-05-28,,,2026-06-30T20:12:33
Briefing Assistant - Feedback Completed,briefing_assistant_feedback_completed,ac4612dcdd10e768290c04d2f3c5f9511b9d64ad,https://github.com/thegoodparty/omni/pull/1892,2026-05-28,swain.molster@gmail.com,,,,,2026-05-28,,,2026-06-30T20:12:33
Briefing Assistant - List Viewed,briefing_assistant_list_viewed,ac4612dcdd10e768290c04d2f3c5f9511b9d64ad,https://github.com/thegoodparty/omni/pull/1892,2026-05-28,swain.molster@gmail.com,,,,,2026-05-28,,,2026-06-30T20:12:33
Briefing Assistant - Share Completed,briefing_assistant_share_completed,ac4612dcdd10e768290c04d2f3c5f9511b9d64ad,https://github.com/thegoodparty/omni/pull/1892,2026-05-28,swain.molster@gmail.com,,,,,2026-05-28,,,2026-06-30T20:12:33
Briefing Assistant - Share Drawer Opened,briefing_assistant_share_drawer_opened,ac4612dcdd10e768290c04d2f3c5f9511b9d64ad,https://github.com/thegoodparty/omni/pull/1892,2026-05-28,swain.molster@gmail.com,,,,,2026-05-28,,,2026-06-30T20:12:33
Briefing Assistant - Sources Expanded,briefing_assistant_sources_expanded,ac4612dcdd10e768290c04d2f3c5f9511b9d64ad,https://github.com/thegoodparty/omni/pull/1892,2026-05-28,swain.molster@gmail.com,,,,,2026-05-28,,,2026-06-30T20:12:33
Briefing Assistant - TOC Item Clicked,briefing_assistant_toc_item_clicked,ac4612dcdd10e768290c04d2f3c5f9511b9d64ad,https://github.com/thegoodparty/omni/pull/1892,2026-05-28,swain.molster@gmail.com,,,,,2026-05-28,,,2026-06-30T20:12:33
Briefings - Briefing Viewed,briefings_briefing_viewed,78fc2e5a4d266437bd11d674cc5a10c5c841a44d,https://github.com/thegoodparty/omni/pull/1683,2026-04-09,stephtea@users.noreply.github.com,ac4612dcdd10e768290c04d2f3c5f9511b9d64ad,https://github.com/thegoodparty/omni/pull/1892,2026-05-28,swain.molster@gmail.com,2026-05-28,,,2026-06-30T20:12:33
Briefings - Click Download,briefings_click_download,78fc2e5a4d266437bd11d674cc5a10c5c841a44d,https://github.com/thegoodparty/omni/pull/1683,2026-04-09,stephtea@users.noreply.github.com,ac4612dcdd10e768290c04d2f3c5f9511b9d64ad,https://github.com/thegoodparty/omni/pull/1892,2026-05-28,swain.molster@gmail.com,2026-05-28,,,2026-06-30T20:12:33
Briefings - Click Read Full Briefing,briefings_click_read_full_briefing,78fc2e5a4d266437bd11d674cc5a10c5c841a44d,https://github.com/thegoodparty/omni/pull/1683,2026-04-09,stephtea@users.noreply.github.com,ac4612dcdd10e768290c04d2f3c5f9511b9d64ad,https://github.com/thegoodparty/omni/pull/1892,2026-05-28,swain.molster@gmail.com,2026-05-28,,,2026-06-30T20:12:33
Briefings - Feedback: Helpful,briefings_feedback_helpful,78fc2e5a4d266437bd11d674cc5a10c5c841a44d,https://github.com/thegoodparty/omni/pull/1683,2026-04-09,stephtea@users.noreply.github.com,ac4612dcdd10e768290c04d2f3c5f9511b9d64ad,https://github.com/thegoodparty/omni/pull/1892,2026-05-28,swain.molster@gmail.com,2026-05-28,,,2026-06-30T20:12:33
Briefings - Feedback: Not Helpful,briefings_feedback_not_helpful,78fc2e5a4d266437bd11d674cc5a10c5c841a44d,https://github.com/thegoodparty/omni/pull/1683,2026-04-09,stephtea@users.noreply.github.com,ac4612dcdd10e768290c04d2f3c5f9511b9d64ad,https://github.com/thegoodparty/omni/pull/1892,2026-05-28,swain.molster@gmail.com,2026-05-28,,,2026-06-30T20:12:33
Briefings - Issue Detail Viewed,briefings_issue_detail_viewed,78fc2e5a4d266437bd11d674cc5a10c5c841a44d,https://github.com/thegoodparty/omni/pull/1683,2026-04-09,stephtea@users.noreply.github.com,ac4612dcdd10e768290c04d2f3c5f9511b9d64ad,https://github.com/thegoodparty/omni/pull/1892,2026-05-28,swain.molster@gmail.com,2026-05-28,,,2026-06-30T20:12:33
Campaign - Follow-On Blocked,campaign_follow_on_blocked,d55fa245190deb34c93bd32b863b7c776bbff190,https://github.com/thegoodparty/omni/pull/152,2026-06-15,admin@velocinator.com,,,,,2026-06-15,,,2026-06-30T20:12:33
Campaign - Follow-On Created,campaign_follow_on_created,d55fa245190deb34c93bd32b863b7c776bbff190,https://github.com/thegoodparty/omni/pull/152,2026-06-15,admin@velocinator.com,,,,,2026-06-15,,,2026-06-30T20:12:33
Campaign Plan - Weekly Tasks Digest,campaign_plan_weekly_tasks_digest,61d552cc6974dfbb0696f8aad51563686e07e814,https://github.com/thegoodparty/omni/pull/1472,2026-04-21,6290668+feliksalbright@users.noreply.github.com,,,,,2026-04-21,,,2026-06-30T20:12:33
Campaign Plan V2 - Community Events Generation Completed,campaign_plan_v2_community_events_generation_completed,e1baf36df65d4f548f05b1ce39753ac57f886b57,https://github.com/thegoodparty/omni/pull/1774,2026-06-08,6290668+feliksalbright@users.noreply.github.com,,,,,2026-06-08,,,2026-06-30T20:12:33
Campaign Plan V2 - Community Events Generation Started,campaign_plan_v2_community_events_generation_started,e1baf36df65d4f548f05b1ce39753ac57f886b57,https://github.com/thegoodparty/omni/pull/1774,2026-06-08,6290668+feliksalbright@users.noreply.github.com,,,,,2026-06-08,,,2026-06-30T20:12:33
Campaign Plan V2 - Media Generation Completed,campaign_plan_v2_media_generation_completed,e1baf36df65d4f548f05b1ce39753ac57f886b57,https://github.com/thegoodparty/omni/pull/1774,2026-06-08,6290668+feliksalbright@users.noreply.github.com,,,,,2026-06-08,,,2026-06-30T20:12:33
Campaign Plan V2 - Media Generation Started,campaign_plan_v2_media_generation_started,e1baf36df65d4f548f05b1ce39753ac57f886b57,https://github.com/thegoodparty/omni/pull/1774,2026-06-08,6290668+feliksalbright@users.noreply.github.com,,,,,2026-06-08,,,2026-06-30T20:12:33
Campaign Plan V2 - Opportunities & Challenges Generation Completed,campaign_plan_v2_opportunities_challenges_generation_completed,e1baf36df65d4f548f05b1ce39753ac57f886b57,https://github.com/thegoodparty/omni/pull/1774,2026-06-08,6290668+feliksalbright@users.noreply.github.com,,,,,2026-06-08,,,2026-06-30T20:12:33
Campaign Plan V2 - Opportunities & Challenges Generation Started,campaign_plan_v2_opportunities_challenges_generation_started,e1baf36df65d4f548f05b1ce39753ac57f886b57,https://github.com/thegoodparty/omni/pull/1774,2026-06-08,6290668+feliksalbright@users.noreply.github.com,,,,,2026-06-08,,,2026-06-30T20:12:33
Campaign Plan V2 - Opposition Research Generation Completed,campaign_plan_v2_opposition_research_generation_completed,e1baf36df65d4f548f05b1ce39753ac57f886b57,https://github.com/thegoodparty/omni/pull/1774,2026-06-08,6290668+feliksalbright@users.noreply.github.com,,,,,2026-06-08,,,2026-06-30T20:12:33
Campaign Plan V2 - Opposition Research Generation Started,campaign_plan_v2_opposition_research_generation_started,e1baf36df65d4f548f05b1ce39753ac57f886b57,https://github.com/thegoodparty/omni/pull/1774,2026-06-08,6290668+feliksalbright@users.noreply.github.com,,,,,2026-06-08,,,2026-06-30T20:12:33
Campaign Plan V2 - Strategy Race Changed,campaign_plan_v2_strategy_race_changed,f920787b11cffc31ae84b70f9b148a89f9431466,https://github.com/thegoodparty/omni/pull/104,2026-06-12,6290668+feliksalbright@users.noreply.github.com,,,,,2026-06-12,,,2026-06-30T20:12:33
Campaign Story - Rewrite Accepted,campaign_story_rewrite_accepted,3cc0a94448eed49c31647c436402f1f160113182,https://github.com/thegoodparty/omni/pull/233,2026-06-18,6290668+feliksalbright@users.noreply.github.com,,,,,2026-06-18,1,,2026-06-30T20:12:33
Campaign Story - Rewrite Discarded,campaign_story_rewrite_discarded,3cc0a94448eed49c31647c436402f1f160113182,https://github.com/thegoodparty/omni/pull/233,2026-06-18,6290668+feliksalbright@users.noreply.github.com,,,,,2026-06-18,1,,2026-06-30T20:12:33
Campaign Story - Rewrite Requested,campaign_story_rewrite_requested,3cc0a94448eed49c31647c436402f1f160113182,https://github.com/thegoodparty/omni/pull/233,2026-06-18,6290668+feliksalbright@users.noreply.github.com,,,,,2026-06-18,1,,2026-06-30T20:12:33
Campaign Verify Token Status Update,campaign_verify_token_status_update,362c9b448065c166e4f742836d508cafc825054b,https://github.com/thegoodparty/omni/pull/593,2025-10-07,lurchbulldog@gmail.com,,,,,2025-10-07,,,2026-06-30T20:12:33
Candidacy - Campaign Completed,candidacy_campaign_completed,a91befe9f1d10ad7c1319b0066b2f2a8035d8d70,https://github.com/thegoodparty/omni/pull/920,2025-09-17,145415012+oakinh@users.noreply.github.com,,,,,2025-09-17,,,2026-06-30T20:12:33
Candidacy - Debrief Clicked,candidacy_debrief_clicked,3ca192ba46e2cb82bcf8e84ee0ebce7fe856793a,https://github.com/thegoodparty/omni/pull/171,2026-06-16,tristan@goodparty.org,,,,,2026-06-16,,,2026-06-30T20:12:33
Candidacy - Did You Win Modal Completed,candidacy_did_you_win_modal_completed,20a7ac0f8561471fa493aab7be2b3a8cd0c014de,https://github.com/thegoodparty/omni/pull/1103,2025-10-30,stephtea@users.noreply.github.com,,,,,2025-10-30,,,2026-06-30T20:12:33
Candidacy - Did You Win Modal Viewed,candidacy_did_you_win_modal_viewed,20a7ac0f8561471fa493aab7be2b3a8cd0c014de,https://github.com/thegoodparty/omni/pull/1103,2025-10-30,stephtea@users.noreply.github.com,,,,,2025-10-30,,,2026-06-30T20:12:33
Candidate Website - Continued,candidate_website_continued,b036da272037bd58ede583cfe854a0fa515b20d0,https://github.com/thegoodparty/omni/pull/788,2025-07-24,collin@goodparty.org,,,,,2025-07-24,,,2026-06-30T20:12:33
Candidate Website - Edited,candidate_website_edited,b036da272037bd58ede583cfe854a0fa515b20d0,https://github.com/thegoodparty/omni/pull/788,2025-07-24,collin@goodparty.org,,,,,2025-07-24,,,2026-06-30T20:12:33
Candidate Website - Published,candidate_website_published,b036da272037bd58ede583cfe854a0fa515b20d0,https://github.com/thegoodparty/omni/pull/788,2025-07-24,collin@goodparty.org,,,,,2026-03-09,,,2026-06-30T20:12:33
Candidate Website - Purchased domain,candidate_website_purchased_domain,b036da272037bd58ede583cfe854a0fa515b20d0,https://github.com/thegoodparty/omni/pull/788,2025-07-24,collin@goodparty.org,,,,,2026-03-09,,,2026-06-30T20:12:33
Candidate Website - Selected domain,candidate_website_selected_domain,b036da272037bd58ede583cfe854a0fa515b20d0,https://github.com/thegoodparty/omni/pull/788,2025-07-24,collin@goodparty.org,,,,,2025-07-24,,,2026-06-30T20:12:33
Candidate Website - Started,candidate_website_started,b036da272037bd58ede583cfe854a0fa515b20d0,https://github.com/thegoodparty/omni/pull/788,2025-07-24,collin@goodparty.org,,,,,2025-07-24,,,2026-06-30T20:12:33
Candidate Website - Started domain selection,candidate_website_started_domain_selection,b036da272037bd58ede583cfe854a0fa515b20d0,https://github.com/thegoodparty/omni/pull/788,2025-07-24,collin@goodparty.org,,,,,2025-07-24,,,2026-06-30T20:12:33
Candidate Website - Unpublished,candidate_website_unpublished,b036da272037bd58ede583cfe854a0fa515b20d0,https://github.com/thegoodparty/omni/pull/788,2025-07-24,collin@goodparty.org,,,,,2025-07-24,,,2026-06-30T20:12:33
Click to Call CTA Clicked,click_to_call_cta_clicked,,,,,,,,,,,,2026-06-30T20:12:33
Click to Call CTA Viewed,click_to_call_cta_viewed,,,,,,,,,,,,2026-06-30T20:12:33
Click to Call Phone Submitted,click_to_call_phone_submitted,,,,,,,,,,,,2026-06-30T20:12:33
Community Issues - Ask AI Started,community_issues_ask_ai_started,f59a02ee308f8df11272dbd06c5e519b14abf96f,https://github.com/thegoodparty/omni/pull/246,2026-06-19,swain.molster@gmail.com,,,,,2026-06-19,,,2026-07-20T11:56:25
Community Issues - Dispatch Skipped,community_issues_dispatch_skipped,,https://github.com/thegoodparty/omni/pull/701,2026-07-09,,,,,,2026-07-09,,,2026-07-09T18:55:55
Community Issues - High Priority Trending Issue Created,community_issues_high_priority_trending_issue_created,72a6348fc00493349b99d1df29f7edecb15a2ee8,https://github.com/thegoodparty/omni/pull/437,2026-06-26,swain.molster@gmail.com,47455a15fbf378bcdf9dd9712ee727e6f9f9acf3,https://github.com/thegoodparty/omni/pull/745,2026-07-14,swain.molster@gmail.com,2026-07-14,,,2026-07-20T11:56:25
Community Issues - Initial Issues Generated,community_issues_initial_issues_generated,72a6348fc00493349b99d1df29f7edecb15a2ee8,https://github.com/thegoodparty/omni/pull/437,2026-06-26,swain.molster@gmail.com,,,,,2026-06-26,,,2026-06-30T20:12:33
Community Issues - Issue Detail Viewed,community_issues_issue_detail_viewed,f59a02ee308f8df11272dbd06c5e519b14abf96f,https://github.com/thegoodparty/omni/pull/246,2026-06-19,swain.molster@gmail.com,,,,,2026-06-19,,,2026-06-30T20:12:33
Community Issues - List Viewed,community_issues_list_viewed,f59a02ee308f8df11272dbd06c5e519b14abf96f,https://github.com/thegoodparty/omni/pull/246,2026-06-19,swain.molster@gmail.com,,,,,2026-06-19,,,2026-06-30T20:12:33
Community Issues - Prioritize Clicked,community_issues_prioritize_clicked,f59a02ee308f8df11272dbd06c5e519b14abf96f,https://github.com/thegoodparty/omni/pull/246,2026-06-19,swain.molster@gmail.com,,,,,2026-06-19,,,2026-07-13T21:45:27
Community Issues - Run Poll Clicked,community_issues_run_poll_clicked,f59a02ee308f8df11272dbd06c5e519b14abf96f,https://github.com/thegoodparty/omni/pull/246,2026-06-19,swain.molster@gmail.com,,,,,2026-06-19,,,2026-07-13T17:19:23
Community Issues - Top Issue Priority Changed,community_issues_top_issue_priority_changed,385db53a32df1b84b585bf39db3d83fe29fdd25a,https://github.com/thegoodparty/omni/pull/437,2026-06-26,swain.molster@gmail.com,47455a15fbf378bcdf9dd9712ee727e6f9f9acf3,https://github.com/thegoodparty/omni/pull/745,2026-07-14,swain.molster@gmail.com,2026-07-14,,,2026-07-20T11:56:25
Community Issues - Top Issues Dispatch Skipped,community_issues_top_issues_dispatch_skipped,47455a15fbf378bcdf9dd9712ee727e6f9f9acf3,https://github.com/thegoodparty/omni/pull/745,2026-07-14,swain.molster@gmail.com,,,,,2026-07-14,,,2026-07-20T11:56:25
Community Issues - Top Issues Refreshed,community_issues_top_issues_refreshed,47455a15fbf378bcdf9dd9712ee727e6f9f9acf3,https://github.com/thegoodparty/omni/pull/745,2026-07-14,swain.molster@gmail.com,,,,,2026-07-14,,,2026-07-20T11:56:25
Community Issues - Trending Issues Dispatch Skipped,community_issues_trending_issues_dispatch_skipped,47455a15fbf378bcdf9dd9712ee727e6f9f9acf3,https://github.com/thegoodparty/omni/pull/745,2026-07-14,swain.molster@gmail.com,,,,,2026-07-14,,,2026-07-20T11:56:25
Community Issues - Trending Issues Refreshed,community_issues_trending_issues_refreshed,47455a15fbf378bcdf9dd9712ee727e6f9f9acf3,https://github.com/thegoodparty/omni/pull/745,2026-07-14,swain.molster@gmail.com,,,,,2026-07-14,,,2026-07-20T11:56:25
Constituent Data - Activity List Created,constituent_data_activity_list_created,a0eb41932492f5c96a88f169f5552cfe1591ed17,https://github.com/thegoodparty/omni/pull/852,2026-07-17,tomer@goodparty.org,,,,,2026-07-17,1,,2026-07-20T11:56:25
Constituent Data - Contact Logged,constituent_data_contact_logged,4caf631aca9e57004c99b5a818c947ab537b2abf,,2026-07-17,tomer@goodparty.org,f4ae7ce7580d4c89803f9be1cd0a8904a48c91bf,,2026-07-17,tomer@goodparty.org,2026-07-17,,,2026-07-20T11:56:25
Constituent Data - Contact Searched,constituent_data_contact_searched,,,2026-07-16,,,,,,2026-07-16,1,,2026-07-16T14:17:19
Constituent Data - Contact Viewed,constituent_data_contact_viewed,4caf631aca9e57004c99b5a818c947ab537b2abf,,2026-07-17,tomer@goodparty.org,,,,,2026-07-17,1,,2026-07-20T11:56:25
Constituent Data - List Created,constituent_data_list_created,a0eb41932492f5c96a88f169f5552cfe1591ed17,https://github.com/thegoodparty/omni/pull/852,2026-07-17,tomer@goodparty.org,,,,,2026-07-17,1,,2026-07-20T11:56:25
Constituent Data - List Exported,constituent_data_list_exported,a0eb41932492f5c96a88f169f5552cfe1591ed17,https://github.com/thegoodparty/omni/pull/852,2026-07-17,tomer@goodparty.org,,,,,2026-07-17,1,,2026-07-20T11:56:25
Constituent Data - Note Added,constituent_data_note_added,54343bfe5bc2c22bd5db8f7faaa98208d7c8017f,,2026-07-16,tomer@goodparty.org,,,,,2026-07-16,1,,2026-07-20T11:56:25
Contacts - Assistant Chat Opened,contacts_assistant_chat_opened,07933cd077828e68440067f9dadf5dd5c668390d,https://github.com/thegoodparty/omni/pull/959,2026-07-22,tomer@goodparty.org,,,,,2026-07-22,1,,2026-07-27T12:04:25
Contacts - Assistant Message Sent,contacts_assistant_message_sent,07933cd077828e68440067f9dadf5dd5c668390d,https://github.com/thegoodparty/omni/pull/959,2026-07-22,tomer@goodparty.org,,,,,2026-07-22,1,,2026-07-27T12:04:25
Contacts - Column Edited,contacts_column_edited,e54c02097e3c70880d05b8a7479f7889f87cdd99,https://github.com/thegoodparty/omni/pull/958,2025-09-14,tomer@goodparty.org,58821b65733bc3b6da57c261c7602ee7e8f1c6e5,https://github.com/thegoodparty/omni/pull/732,2026-07-13,tristan@goodparty.org,2026-07-13,,,2026-07-13T21:45:27
Contacts - Contacts Viewed,contacts_contacts_viewed,89f97d0c41382d4c48e72db3ffe591be4694d12a,https://github.com/thegoodparty/omni/pull/194,2026-06-17,52380560+tomer-tgp@users.noreply.github.com,,,,,2026-07-22,2,,2026-07-27T12:04:25
Contacts - Download,contacts_download,e54c02097e3c70880d05b8a7479f7889f87cdd99,https://github.com/thegoodparty/omni/pull/958,2025-09-14,tomer@goodparty.org,,,,,2025-09-14,1,,2026-06-30T20:12:33
Contacts - List Wizard Conditions Completed,contacts_list_wizard_conditions_completed,07933cd077828e68440067f9dadf5dd5c668390d,https://github.com/thegoodparty/omni/pull/959,2026-07-22,tomer@goodparty.org,,,,,2026-07-22,1,,2026-07-27T12:04:25
Contacts - List Wizard Conditions Viewed,contacts_list_wizard_conditions_viewed,07933cd077828e68440067f9dadf5dd5c668390d,https://github.com/thegoodparty/omni/pull/959,2026-07-22,tomer@goodparty.org,,,,,2026-07-22,1,,2026-07-27T12:04:25
Contacts - List Wizard Method Completed,contacts_list_wizard_method_completed,07933cd077828e68440067f9dadf5dd5c668390d,https://github.com/thegoodparty/omni/pull/959,2026-07-22,tomer@goodparty.org,,,,,2026-07-22,1,,2026-07-27T12:04:25
Contacts - List Wizard Method Viewed,contacts_list_wizard_method_viewed,07933cd077828e68440067f9dadf5dd5c668390d,https://github.com/thegoodparty/omni/pull/959,2026-07-22,tomer@goodparty.org,,,,,2026-07-22,1,,2026-07-27T12:04:25
Contacts - List Wizard Name Completed,contacts_list_wizard_name_completed,07933cd077828e68440067f9dadf5dd5c668390d,https://github.com/thegoodparty/omni/pull/959,2026-07-22,tomer@goodparty.org,,,,,2026-07-22,1,,2026-07-27T12:04:25
Contacts - List Wizard Name Viewed,contacts_list_wizard_name_viewed,07933cd077828e68440067f9dadf5dd5c668390d,https://github.com/thegoodparty/omni/pull/959,2026-07-22,tomer@goodparty.org,,,,,2026-07-22,1,,2026-07-27T12:04:25
Contacts - Outreach Timeline Viewed,contacts_outreach_timeline_viewed,89f97d0c41382d4c48e72db3ffe591be4694d12a,https://github.com/thegoodparty/omni/pull/194,2026-06-17,52380560+tomer-tgp@users.noreply.github.com,,,,,2026-06-17,1,,2026-06-30T20:12:33
Contacts - Segment Created,contacts_segment_created,e54c02097e3c70880d05b8a7479f7889f87cdd99,https://github.com/thegoodparty/omni/pull/958,2025-09-14,tomer@goodparty.org,,,,,2025-09-14,2,,2026-06-30T20:12:33
Contacts - Segment Deleted,contacts_segment_deleted,e54c02097e3c70880d05b8a7479f7889f87cdd99,https://github.com/thegoodparty/omni/pull/958,2025-09-14,tomer@goodparty.org,,,,,2025-09-14,2,,2026-06-30T20:12:33
Contacts - Segment Updated,contacts_segment_updated,e54c02097e3c70880d05b8a7479f7889f87cdd99,https://github.com/thegoodparty/omni/pull/958,2025-09-14,tomer@goodparty.org,,,,,2025-09-14,2,,2026-06-30T20:12:33
Contacts - Segment Viewed,contacts_segment_viewed,e54c02097e3c70880d05b8a7479f7889f87cdd99,https://github.com/thegoodparty/omni/pull/958,2025-09-14,tomer@goodparty.org,,,,,2025-09-14,2,,2026-06-30T20:12:33
Content Builder - Editor: Click Copy,content_builder_editor_click_copy,1170c2777b41a1baf9f50650655aa705fdf7bbb3,,2025-02-26,snayak00@gmail.com,,,,,2025-02-26,,,2026-06-30T20:12:33
Content Builder - Editor: Click Delete,content_builder_editor_click_delete,1170c2777b41a1baf9f50650655aa705fdf7bbb3,,2025-02-26,snayak00@gmail.com,,,,,2025-02-26,,,2026-06-30T20:12:33
Content Builder - Editor: Click Regenerate,content_builder_editor_click_regenerate,1170c2777b41a1baf9f50650655aa705fdf7bbb3,,2025-02-26,snayak00@gmail.com,,,,,2025-02-26,,,2026-06-30T20:12:33
Content Builder - Editor: Click Rename,content_builder_editor_click_rename,1170c2777b41a1baf9f50650655aa705fdf7bbb3,,2025-02-26,snayak00@gmail.com,,,,,2025-02-26,,,2026-06-30T20:12:33
Content Builder - Editor: Click Translate,content_builder_editor_click_translate,1170c2777b41a1baf9f50650655aa705fdf7bbb3,,2025-02-26,snayak00@gmail.com,,,,,2025-02-26,,,2026-06-30T20:12:33
Content Builder - Editor: Open Kebab Menu,content_builder_editor_open_kebab_menu,1170c2777b41a1baf9f50650655aa705fdf7bbb3,,2025-02-26,snayak00@gmail.com,,,,,2025-02-26,,,2026-06-30T20:12:33
Content Builder - Editor: Open Version Picker,content_builder_editor_open_version_picker,1170c2777b41a1baf9f50650655aa705fdf7bbb3,,2025-02-26,snayak00@gmail.com,,,,,2025-02-26,,,2026-06-30T20:12:33
Content Builder - Editor: Select Version,content_builder_editor_select_version,1170c2777b41a1baf9f50650655aa705fdf7bbb3,,2025-02-26,snayak00@gmail.com,,,,,2025-02-26,,,2026-06-30T20:12:33
Content Builder - Editor: Submit Regenerate,content_builder_editor_submit_regenerate,1170c2777b41a1baf9f50650655aa705fdf7bbb3,,2025-02-26,snayak00@gmail.com,,,,,2025-02-26,,,2026-06-30T20:12:33
Content Builder - Editor: Submit Translate,content_builder_editor_submit_translate,1170c2777b41a1baf9f50650655aa705fdf7bbb3,,2025-02-26,snayak00@gmail.com,,,,,2025-02-26,,,2026-06-30T20:12:33
Content Builder: Click Content,content_builder_click_content,1170c2777b41a1baf9f50650655aa705fdf7bbb3,,2025-02-26,snayak00@gmail.com,,,,,2025-02-26,,,2026-06-30T20:12:33
Content Builder: Click Continue Questions,content_builder_click_continue_questions,1170c2777b41a1baf9f50650655aa705fdf7bbb3,,2025-02-26,snayak00@gmail.com,,,,,2025-02-26,,,2026-06-30T20:12:33
Content Builder: Click Generate,content_builder_click_generate,1170c2777b41a1baf9f50650655aa705fdf7bbb3,,2025-02-26,snayak00@gmail.com,,,,,2025-02-26,,,2026-06-30T20:12:33
Content Builder: Close Additional Inputs,content_builder_close_additional_inputs,1170c2777b41a1baf9f50650655aa705fdf7bbb3,,2025-02-26,snayak00@gmail.com,,,,,2025-02-26,,,2026-06-30T20:12:33
Content Builder: Generation Completed,content_builder_generation_completed,3968af2dffa446ff83c6625da709ebb45c5ef31e,,2025-02-26,snayak00@gmail.com,,,,,2025-02-26,,,2026-06-30T20:12:33
Content Builder: Generation Started,content_builder_generation_started,a52bc1af5ee58f5b2492165ff4d973a76cf4db8b,https://github.com/thegoodparty/omni/pull/457,2025-08-19,lurchbulldog@gmail.com,,,,,2025-08-19,,,2026-06-30T20:12:33
Content Builder: Select Template,content_builder_select_template,1170c2777b41a1baf9f50650655aa705fdf7bbb3,,2025-02-26,snayak00@gmail.com,,,,,2025-02-26,,,2026-06-30T20:12:33
Content Builder: Submit Additional Inputs,content_builder_submit_additional_inputs,1170c2777b41a1baf9f50650655aa705fdf7bbb3,,2025-02-26,snayak00@gmail.com,,,,,2025-02-26,,,2026-06-30T20:12:33
Custom Voter file created,custom_voter_file_created,93fabd843cdc5e60795b99327819517c76426f3a,,2024-06-07,tomer@goodparty.org,e8ff914684d44730c937d55ce128e81b57f3d0af,https://github.com/thegoodparty/omni/pull/886,2026-07-20,tomer@goodparty.org,2026-07-20,,,2026-07-27T12:04:25
Daily Ad Metrics,daily_ad_metrics,,,,,,,,,,,,2026-06-30T20:12:33
Dashboard - Campaign Plan Generation Completed,dashboard_campaign_plan_generation_completed,f428f0fcfe56bfbf293ead4ed896393bd2a7bb15,,2026-04-01,5633757+dealvz@users.noreply.github.com,,,,,2026-04-01,1,,2026-06-30T20:12:33
Dashboard - Campaign Plan Task CTA Clicked,dashboard_campaign_plan_task_cta_clicked,f428f0fcfe56bfbf293ead4ed896393bd2a7bb15,,2026-04-01,5633757+dealvz@users.noreply.github.com,,,,,2026-04-01,1,,2026-06-30T20:12:33
Dashboard - Campaign Plan View Mode Toggled,dashboard_campaign_plan_view_mode_toggled,99a9be2e39794c5d3eaeb2b897be4eea422ecc92,https://github.com/thegoodparty/omni/pull/1720,2026-04-17,tomer@goodparty.org,,,,,2026-04-17,1,,2026-06-30T20:12:33
Dashboard - Campaign Plan Viewed,dashboard_campaign_plan_viewed,f428f0fcfe56bfbf293ead4ed896393bd2a7bb15,,2026-04-01,5633757+dealvz@users.noreply.github.com,,,,,2026-04-01,1,,2026-06-30T20:12:33
Dashboard - Campaign Plan Week Navigated,dashboard_campaign_plan_week_navigated,f428f0fcfe56bfbf293ead4ed896393bd2a7bb15,,2026-04-01,5633757+dealvz@users.noreply.github.com,,,,,2026-04-01,2,,2026-06-30T20:12:33
Dashboard - Campaign Plan: Campaign Manager Clicked,dashboard_campaign_plan_campaign_manager_clicked,cf6bb487eb93a12b82b9ed9191693db58f3810f4,https://github.com/thegoodparty/omni/pull/54,2026-06-10,6290668+feliksalbright@users.noreply.github.com,,,,,2026-06-10,1,,2026-06-30T20:12:33
Dashboard - Campaign Plan: Community Events Displayed,dashboard_campaign_plan_community_events_displayed,cf6bb487eb93a12b82b9ed9191693db58f3810f4,https://github.com/thegoodparty/omni/pull/54,2026-06-10,6290668+feliksalbright@users.noreply.github.com,76c2256cac0700dca9c4094a44961a2d90487934,https://github.com/thegoodparty/omni/pull/732,2026-07-13,tristan@goodparty.org,2026-07-13,,,2026-07-13T21:45:27
Dashboard - Campaign Plan: Community Events Requested,dashboard_campaign_plan_community_events_requested,cf6bb487eb93a12b82b9ed9191693db58f3810f4,https://github.com/thegoodparty/omni/pull/54,2026-06-10,6290668+feliksalbright@users.noreply.github.com,76c2256cac0700dca9c4094a44961a2d90487934,https://github.com/thegoodparty/omni/pull/732,2026-07-13,tristan@goodparty.org,2026-07-13,,,2026-07-13T21:45:27
Dashboard - Campaign Plan: Community Events Results Received,dashboard_campaign_plan_community_events_results_received,cf6bb487eb93a12b82b9ed9191693db58f3810f4,https://github.com/thegoodparty/omni/pull/54,2026-06-10,6290668+feliksalbright@users.noreply.github.com,76c2256cac0700dca9c4094a44961a2d90487934,https://github.com/thegoodparty/omni/pull/732,2026-07-13,tristan@goodparty.org,2026-07-13,,,2026-07-13T21:45:27
Dashboard - Campaign Plan: Media Displayed,dashboard_campaign_plan_media_displayed,cf6bb487eb93a12b82b9ed9191693db58f3810f4,https://github.com/thegoodparty/omni/pull/54,2026-06-10,6290668+feliksalbright@users.noreply.github.com,,,,,2026-06-10,1,,2026-06-30T20:12:33
Dashboard - Campaign Plan: Media Requested,dashboard_campaign_plan_media_requested,cf6bb487eb93a12b82b9ed9191693db58f3810f4,https://github.com/thegoodparty/omni/pull/54,2026-06-10,6290668+feliksalbright@users.noreply.github.com,,,,,2026-06-10,1,,2026-06-30T20:12:33
Dashboard - Campaign Plan: Media Results Received,dashboard_campaign_plan_media_results_received,cf6bb487eb93a12b82b9ed9191693db58f3810f4,https://github.com/thegoodparty/omni/pull/54,2026-06-10,6290668+feliksalbright@users.noreply.github.com,,,,,2026-06-10,1,,2026-06-30T20:12:33
Dashboard - Campaign Plan: Plan Downloaded,dashboard_campaign_plan_plan_downloaded,cf6bb487eb93a12b82b9ed9191693db58f3810f4,https://github.com/thegoodparty/omni/pull/54,2026-06-10,6290668+feliksalbright@users.noreply.github.com,,,,,2026-06-10,1,,2026-06-30T20:12:33
Dashboard - Campaign Plan: Plan Shared,dashboard_campaign_plan_plan_shared,3ca192ba46e2cb82bcf8e84ee0ebce7fe856793a,https://github.com/thegoodparty/omni/pull/171,2026-06-16,tristan@goodparty.org,,,,,2026-06-16,1,,2026-07-13T17:19:23
Dashboard - Campaign Plan: Strategic Landscape Displayed,dashboard_campaign_plan_strategic_landscape_displayed,cf6bb487eb93a12b82b9ed9191693db58f3810f4,https://github.com/thegoodparty/omni/pull/54,2026-06-10,6290668+feliksalbright@users.noreply.github.com,,,,,2026-06-10,1,,2026-06-30T20:12:33
Dashboard - Campaign Plan: Strategic Landscape Requested,dashboard_campaign_plan_strategic_landscape_requested,cf6bb487eb93a12b82b9ed9191693db58f3810f4,https://github.com/thegoodparty/omni/pull/54,2026-06-10,6290668+feliksalbright@users.noreply.github.com,,,,,2026-06-10,1,,2026-06-30T20:12:33
Dashboard - Campaign Plan: Strategic Landscape Results Received,dashboard_campaign_plan_strategic_landscape_results_received,cf6bb487eb93a12b82b9ed9191693db58f3810f4,https://github.com/thegoodparty/omni/pull/54,2026-06-10,6290668+feliksalbright@users.noreply.github.com,,,,,2026-06-10,1,,2026-06-30T20:12:33
Dashboard - Campaign Task Status Updated,dashboard_campaign_task_status_updated,f428f0fcfe56bfbf293ead4ed896393bd2a7bb15,,2026-04-01,5633757+dealvz@users.noreply.github.com,,,,,2026-04-01,1,,2026-06-30T20:12:33
Dashboard - Candidate Dashboard Viewed,dashboard_candidate_dashboard_viewed,703131cfff639170bd836b12c6d00c13e1fc1432,https://github.com/thegoodparty/omni/pull/708,2025-06-18,145415012+oakinh@users.noreply.github.com,58821b65733bc3b6da57c261c7602ee7e8f1c6e5,https://github.com/thegoodparty/omni/pull/732,2026-07-13,tristan@goodparty.org,2026-07-13,,,2026-07-13T21:45:27
Dashboard - Path to Victory: Exit Understand Path to Victory,dashboard_path_to_victory_exit_understand_path_to_victory,1170c2777b41a1baf9f50650655aa705fdf7bbb3,,2025-02-26,snayak00@gmail.com,,,,,2025-02-26,1,,2026-06-30T20:12:33
Dictation - Failed,dictation_failed,7cc460d363f30daec789a6ecbd7566ce8bbbcb81,https://github.com/thegoodparty/omni/pull/1056,2026-07-28,swain.molster@gmail.com,,,,,2026-07-28,,,2026-07-28T22:45:44
Dictation - Started,dictation_started,7cc460d363f30daec789a6ecbd7566ce8bbbcb81,https://github.com/thegoodparty/omni/pull/1056,2026-07-28,swain.molster@gmail.com,,,,,2026-07-28,,,2026-07-28T22:45:44
Download Voter File Failure,download_voter_file_failure,66519ef3b964345000414bc3cb8b3e1b71e1e8fd,,2024-07-10,tomer@goodparty.org,e8ff914684d44730c937d55ce128e81b57f3d0af,https://github.com/thegoodparty/omni/pull/886,2026-07-20,tomer@goodparty.org,2026-07-20,,,2026-07-27T12:04:25
Download Voter File Success,download_voter_file_success,66519ef3b964345000414bc3cb8b3e1b71e1e8fd,,2024-07-10,tomer@goodparty.org,e8ff914684d44730c937d55ce128e81b57f3d0af,https://github.com/thegoodparty/omni/pull/886,2026-07-20,tomer@goodparty.org,2026-07-20,,,2026-07-27T12:04:25
Download Voter File attempt,download_voter_file_attempt,66519ef3b964345000414bc3cb8b3e1b71e1e8fd,,2024-07-10,tomer@goodparty.org,e8ff914684d44730c937d55ce128e81b57f3d0af,https://github.com/thegoodparty/omni/pull/886,2026-07-20,tomer@goodparty.org,2026-07-20,,,2026-07-27T12:04:25
Experiment Viewed,experiment_viewed,,,,,,,,,,,,2026-06-30T20:12:33
Invalid Party,invalid_party,f4290f167ee16aaaed0299d64c48ae8a3452eeb3,,2024-06-13,tomer@goodparty.org,85954771b6d545e35af77bf5ca3ae86e9cbdb80d,https://github.com/thegoodparty/omni/pull/1790,2026-05-05,5633757+dealvz@users.noreply.github.com,2026-05-05,,,2026-06-30T20:12:33
Navigation - Dashboard: Click AI Assistant,navigation_dashboard_click_ai_assistant,1170c2777b41a1baf9f50650655aa705fdf7bbb3,,2025-02-26,snayak00@gmail.com,1a56730282e3effe99704f71b79ac9d6a7204c78,https://github.com/thegoodparty/omni/pull/1033,2026-07-27,5633757+dealvz@users.noreply.github.com,2026-07-27,,,2026-07-28T22:45:44
Navigation - Dashboard: Click Briefings,navigation_dashboard_click_briefings,78fc2e5a4d266437bd11d674cc5a10c5c841a44d,https://github.com/thegoodparty/omni/pull/1683,2026-04-09,stephtea@users.noreply.github.com,,,,,2026-04-09,1,,2026-06-30T20:12:33
Navigation - Dashboard: Click Campaign Plan,navigation_dashboard_click_campaign_plan,cf6bb487eb93a12b82b9ed9191693db58f3810f4,https://github.com/thegoodparty/omni/pull/54,2026-06-10,6290668+feliksalbright@users.noreply.github.com,,,,,2026-06-10,1,,2026-06-30T20:12:33
Navigation - Dashboard: Click Community,navigation_dashboard_click_community,ab19165b23e99ec39c1dbe8feef281ba6d1bc284,https://github.com/thegoodparty/omni/pull/576,2025-04-03,tomer@goodparty.org,,,,,2025-04-03,1,,2026-06-30T20:12:33
Navigation - Dashboard: Click Community Issues,navigation_dashboard_click_community_issues,f59a02ee308f8df11272dbd06c5e519b14abf96f,https://github.com/thegoodparty/omni/pull/246,2026-06-19,swain.molster@gmail.com,,,,,2026-06-19,1,,2026-06-30T20:12:33
Navigation - Dashboard: Click Contacts,navigation_dashboard_click_contacts,b54392a3217e2e427dc5c39f86b98d70a94289c0,https://github.com/thegoodparty/omni/pull/938,2025-09-04,tomer@goodparty.org,,,,,2025-09-04,2,,2026-06-30T20:12:33
Navigation - Dashboard: Click Content Builder,navigation_dashboard_click_content_builder,1170c2777b41a1baf9f50650655aa705fdf7bbb3,,2025-02-26,snayak00@gmail.com,,,,,2025-02-26,1,,2026-06-30T20:12:33
Navigation - Dashboard: Click Dashboard,navigation_dashboard_click_dashboard,1170c2777b41a1baf9f50650655aa705fdf7bbb3,,2025-02-26,snayak00@gmail.com,,,,,2025-02-26,1,,2026-06-30T20:12:33
Navigation - Dashboard: Click Door Knocking,navigation_dashboard_click_door_knocking,27bef878da7c3238d22d65e27e4b37afee213ed7,https://github.com/thegoodparty/omni/pull/522,2025-03-09,tomer@goodparty.org,,,,,2025-03-09,1,,2026-06-30T20:12:33
Navigation - Dashboard: Click Free Resources,navigation_dashboard_click_free_resources,1170c2777b41a1baf9f50650655aa705fdf7bbb3,,2025-02-26,snayak00@gmail.com,4e16c164e0a629ba6c5ea08b302c880de1df2b5c,https://github.com/thegoodparty/omni/pull/1040,2025-10-14,lurchbulldog@gmail.com,2025-10-14,,,2026-06-30T20:12:33
Navigation - Dashboard: Click Issues,navigation_dashboard_click_issues,d4a6c5feef4c178a4619e51f79c3090c9191e7dd,https://github.com/thegoodparty/omni/pull/733,2025-07-01,tomeralmog@gmail.com,58821b65733bc3b6da57c261c7602ee7e8f1c6e5,https://github.com/thegoodparty/omni/pull/732,2026-07-13,tristan@goodparty.org,2026-07-13,,,2026-07-13T21:45:27
Navigation - Dashboard: Click My Profile,navigation_dashboard_click_my_profile,1170c2777b41a1baf9f50650655aa705fdf7bbb3,,2025-02-26,snayak00@gmail.com,,,,,2025-02-26,2,,2026-06-30T20:12:33
Navigation - Dashboard: Click Polls,navigation_dashboard_click_polls,405a687410467f5dc4b89616f282135384a421e8,,2025-10-08,tomer@goodparty.org,,,,,2025-10-08,1,,2026-06-30T20:12:33
Navigation - Dashboard: Click Resources,navigation_dashboard_click_resources,4e16c164e0a629ba6c5ea08b302c880de1df2b5c,https://github.com/thegoodparty/omni/pull/1040,2025-10-14,lurchbulldog@gmail.com,3f6a11a2d717831603f3640b481d6ce9ca6c6698,https://github.com/thegoodparty/omni/pull/1459,2026-02-23,patrick@goodparty.org,2026-02-23,,,2026-06-30T20:12:33
Navigation - Dashboard: Click Text Messaging,navigation_dashboard_click_text_messaging,fdf692bfb6171d2436153dff317c995684c94770,,2025-03-22,tomer@goodparty.org,70a5c952c7fc6b985b062d1b7d9ceb8707bc7dd5,https://github.com/thegoodparty/omni/pull/923,2025-08-27,tomer@goodparty.org,2025-08-27,,,2026-06-30T20:12:33
Navigation - Dashboard: Click Voter Data,navigation_dashboard_click_voter_data,1170c2777b41a1baf9f50650655aa705fdf7bbb3,,2025-02-26,snayak00@gmail.com,,,,,2025-02-26,0,2026-07-20,2026-06-30T20:12:33
Navigation - Dashboard: Click Voter Outreach,navigation_dashboard_click_voter_outreach,2a9e9929d18f38be852ff8233c76f644cfc6bff6,https://github.com/thegoodparty/omni/pull/900,2025-08-20,hanson.justinw@gmail.com,,,,,2025-08-20,1,,2026-06-30T20:12:33
Navigation - Dashboard: Click Website,navigation_dashboard_click_website,9b740f9d306dba90477c9d2860876585bce07ea4,,2025-06-19,snayak00@gmail.com,76c2256cac0700dca9c4094a44961a2d90487934,https://github.com/thegoodparty/omni/pull/732,2026-07-13,tristan@goodparty.org,2026-07-13,,,2026-07-13T21:45:27
Navigation - Top - Avatar Dropdown: Close Dropdown,navigation_top_avatar_dropdown_close_dropdown,1170c2777b41a1baf9f50650655aa705fdf7bbb3,,2025-02-26,snayak00@gmail.com,,,,,2025-02-26,1,,2026-06-30T20:12:33
Navigation - Top: Click Avatar Dropdown,navigation_top_click_avatar_dropdown,1170c2777b41a1baf9f50650655aa705fdf7bbb3,,2025-02-26,snayak00@gmail.com,,,,,2025-02-26,1,,2026-06-30T20:12:33
Navigation - Top: Click Logo,navigation_top_click_logo,1170c2777b41a1baf9f50650655aa705fdf7bbb3,,2025-02-26,snayak00@gmail.com,,,,,2025-02-26,1,,2026-06-30T20:12:33
Navigation Top - Avatar Dropdown: Click Logout,navigation_top_avatar_dropdown_click_logout,1170c2777b41a1baf9f50650655aa705fdf7bbb3,,2025-02-26,snayak00@gmail.com,,,,,2025-02-26,1,,2026-06-30T20:12:33
Navigation Top - Avatar Dropdown: Click Profile,navigation_top_avatar_dropdown_click_profile,a747931b6d3aa7b74f3b331bf53c423d81b641ad,https://github.com/thegoodparty/omni/pull/1524,2026-04-16,52380560+tomer-tgp@users.noreply.github.com,,,,,2026-04-16,1,,2026-06-30T20:12:33
Navigation Top - Avatar Dropdown: Click Settings,navigation_top_avatar_dropdown_click_settings,1170c2777b41a1baf9f50650655aa705fdf7bbb3,,2025-02-26,snayak00@gmail.com,76c2256cac0700dca9c4094a44961a2d90487934,https://github.com/thegoodparty/omni/pull/732,2026-07-13,tristan@goodparty.org,2026-07-13,,,2026-07-13T21:45:27
Newsletter Form Submitted,newsletter_form_submitted,,,,,,,,,,,,2026-06-30T20:12:33
Onboarding - Ballot Status Completed,onboarding_ballot_status_completed,37bdbd6185ef7e74127482d6f2c69943a0fc2bfc,https://github.com/thegoodparty/omni/pull/1790,2026-05-05,5633757+dealvz@users.noreply.github.com,58821b65733bc3b6da57c261c7602ee7e8f1c6e5,https://github.com/thegoodparty/omni/pull/732,2026-07-13,tristan@goodparty.org,2026-07-13,,,2026-07-13T21:45:27
Onboarding - Candidate Affiliation Completed,onboarding_candidate_affiliation_completed,a91befe9f1d10ad7c1319b0066b2f2a8035d8d70,https://github.com/thegoodparty/omni/pull/920,2025-09-17,145415012+oakinh@users.noreply.github.com,58821b65733bc3b6da57c261c7602ee7e8f1c6e5,https://github.com/thegoodparty/omni/pull/732,2026-07-13,tristan@goodparty.org,2026-07-13,,,2026-07-13T21:45:27
Onboarding - Candidate Office Completed,onboarding_candidate_office_completed,b03a053aa73e223181f07083df44be9d819bfc7f,https://github.com/thegoodparty/omni/pull/710,2025-06-23,145415012+oakinh@users.noreply.github.com,,,,,2025-06-23,3,,2026-06-30T20:12:33
Onboarding - Candidate Office Searched,onboarding_candidate_office_searched,b03a053aa73e223181f07083df44be9d819bfc7f,https://github.com/thegoodparty/omni/pull/710,2025-06-23,145415012+oakinh@users.noreply.github.com,,,,,2025-06-23,1,,2026-06-30T20:12:33
Onboarding - Candidate Pledge Completed,onboarding_candidate_pledge_completed,a91befe9f1d10ad7c1319b0066b2f2a8035d8d70,https://github.com/thegoodparty/omni/pull/920,2025-09-17,145415012+oakinh@users.noreply.github.com,58821b65733bc3b6da57c261c7602ee7e8f1c6e5,https://github.com/thegoodparty/omni/pull/732,2026-07-13,tristan@goodparty.org,2026-07-13,,,2026-07-13T21:45:27
Onboarding - Complete Step: Click Go to Dashboard,onboarding_complete_step_click_go_to_dashboard,1170c2777b41a1baf9f50650655aa705fdf7bbb3,,2025-02-26,snayak00@gmail.com,58821b65733bc3b6da57c261c7602ee7e8f1c6e5,https://github.com/thegoodparty/omni/pull/732,2026-07-13,tristan@goodparty.org,2026-07-13,,,2026-07-13T21:45:27
Onboarding - Know Your Voters Completed,onboarding_know_your_voters_completed,712fb71051988420909b538f89ea4da4703c1b8b,https://github.com/thegoodparty/omni/pull/1804,2026-05-07,5633757+dealvz@users.noreply.github.com,58821b65733bc3b6da57c261c7602ee7e8f1c6e5,https://github.com/thegoodparty/omni/pull/732,2026-07-13,tristan@goodparty.org,2026-07-13,,,2026-07-13T21:45:27
Onboarding - Magic Link Clicked,onboarding_magic_link_clicked,b2f1f6c21a0949156b851cf80326878d990a5950,https://github.com/thegoodparty/omni/pull/323,2026-06-24,145415012+oakinh@users.noreply.github.com,,,,,2026-06-24,2,,2026-06-30T20:12:33
Onboarding - Magic Link Sent,onboarding_magic_link_sent,b2f1f6c21a0949156b851cf80326878d990a5950,https://github.com/thegoodparty/omni/pull/323,2026-06-24,145415012+oakinh@users.noreply.github.com,,,,,2026-06-24,,,2026-06-30T20:12:33
Onboarding - Office Selection Completed,onboarding_office_selection_completed,37bdbd6185ef7e74127482d6f2c69943a0fc2bfc,https://github.com/thegoodparty/omni/pull/1790,2026-05-05,5633757+dealvz@users.noreply.github.com,58821b65733bc3b6da57c261c7602ee7e8f1c6e5,https://github.com/thegoodparty/omni/pull/732,2026-07-13,tristan@goodparty.org,2026-07-13,,,2026-07-13T21:45:27
Onboarding - Office Step: Click Can't See Office,onboarding_office_step_click_cant_see_office,1170c2777b41a1baf9f50650655aa705fdf7bbb3,,2025-02-26,snayak00@gmail.com,,,,,2025-02-26,1,,2026-06-30T20:12:33
Onboarding - Office Step: Click Next,onboarding_office_step_click_next,1170c2777b41a1baf9f50650655aa705fdf7bbb3,,2025-02-26,snayak00@gmail.com,,,,,2025-02-26,1,,2026-06-30T20:12:33
Onboarding - Office Step: Office Selected,onboarding_office_step_office_selected,1170c2777b41a1baf9f50650655aa705fdf7bbb3,,2025-02-26,snayak00@gmail.com,,,,,2025-02-26,1,,2026-06-30T20:12:33
Onboarding - Party Selection Completed,onboarding_party_selection_completed,37bdbd6185ef7e74127482d6f2c69943a0fc2bfc,https://github.com/thegoodparty/omni/pull/1790,2026-05-05,5633757+dealvz@users.noreply.github.com,58821b65733bc3b6da57c261c7602ee7e8f1c6e5,https://github.com/thegoodparty/omni/pull/732,2026-07-13,tristan@goodparty.org,2026-07-13,,,2026-07-13T21:45:27
Onboarding - Party Step: Click Submit,onboarding_party_step_click_submit,1170c2777b41a1baf9f50650655aa705fdf7bbb3,,2025-02-26,snayak00@gmail.com,58821b65733bc3b6da57c261c7602ee7e8f1c6e5,https://github.com/thegoodparty/omni/pull/732,2026-07-13,tristan@goodparty.org,2026-07-13,,,2026-07-13T21:45:27
Onboarding - Path To Victory Completed,onboarding_path_to_victory_completed,37bdbd6185ef7e74127482d6f2c69943a0fc2bfc,https://github.com/thegoodparty/omni/pull/1790,2026-05-05,5633757+dealvz@users.noreply.github.com,58821b65733bc3b6da57c261c7602ee7e8f1c6e5,https://github.com/thegoodparty/omni/pull/732,2026-07-13,tristan@goodparty.org,2026-07-13,,,2026-07-13T21:45:27
Onboarding - Path To Victory Errored,onboarding_path_to_victory_errored,37bdbd6185ef7e74127482d6f2c69943a0fc2bfc,https://github.com/thegoodparty/omni/pull/1790,2026-05-05,5633757+dealvz@users.noreply.github.com,58821b65733bc3b6da57c261c7602ee7e8f1c6e5,https://github.com/thegoodparty/omni/pull/732,2026-07-13,tristan@goodparty.org,2026-07-13,,,2026-07-13T21:45:27
Onboarding - Path To Victory Updated,onboarding_path_to_victory_updated,37bdbd6185ef7e74127482d6f2c69943a0fc2bfc,https://github.com/thegoodparty/omni/pull/1790,2026-05-05,5633757+dealvz@users.noreply.github.com,58821b65733bc3b6da57c261c7602ee7e8f1c6e5,https://github.com/thegoodparty/omni/pull/732,2026-07-13,tristan@goodparty.org,2026-07-13,,,2026-07-13T21:45:27
Onboarding - Pledge Completed,onboarding_pledge_completed,37bdbd6185ef7e74127482d6f2c69943a0fc2bfc,https://github.com/thegoodparty/omni/pull/1790,2026-05-05,5633757+dealvz@users.noreply.github.com,58821b65733bc3b6da57c261c7602ee7e8f1c6e5,https://github.com/thegoodparty/omni/pull/732,2026-07-13,tristan@goodparty.org,2026-07-13,,,2026-07-13T21:45:27
Onboarding - Pledge Step: Click Ask a Question,onboarding_pledge_step_click_ask_a_question,1170c2777b41a1baf9f50650655aa705fdf7bbb3,,2025-02-26,snayak00@gmail.com,58821b65733bc3b6da57c261c7602ee7e8f1c6e5,https://github.com/thegoodparty/omni/pull/732,2026-07-13,tristan@goodparty.org,2026-07-13,,,2026-07-13T21:45:27
Onboarding - Pledge Step: Click Submit,onboarding_pledge_step_click_submit,1170c2777b41a1baf9f50650655aa705fdf7bbb3,,2025-02-26,snayak00@gmail.com,76c2256cac0700dca9c4094a44961a2d90487934,https://github.com/thegoodparty/omni/pull/732,2026-07-13,tristan@goodparty.org,2026-07-13,,,2026-07-13T21:45:27
Onboarding - Registration Completed,onboarding_registration_completed,703131cfff639170bd836b12c6d00c13e1fc1432,https://github.com/thegoodparty/omni/pull/708,2025-06-18,145415012+oakinh@users.noreply.github.com,,,,,2025-06-18,1,,2026-06-30T20:12:33
Onboarding - User Created,onboarding_user_created,ac3e04fb428f001d0ab7bcc471c5c85ef726e2b5,https://github.com/thegoodparty/omni/pull/319,2025-06-27,145415012+oakinh@users.noreply.github.com,,,,,2025-06-27,,,2026-06-30T20:12:33
Onboarding - Welcome Completed,onboarding_welcome_completed,85954771b6d545e35af77bf5ca3ae86e9cbdb80d,https://github.com/thegoodparty/omni/pull/1790,2026-05-05,5633757+dealvz@users.noreply.github.com,58821b65733bc3b6da57c261c7602ee7e8f1c6e5,https://github.com/thegoodparty/omni/pull/732,2026-07-13,tristan@goodparty.org,2026-07-13,,,2026-07-13T21:45:27
Onboarding V2 - Ballot Status Completed,onboarding_v2_ballot_status_completed,7168448e9bf8ec252d9ad7ed5068bfff62d6769a,https://github.com/thegoodparty/omni/pull/2002,2026-06-08,6290668+feliksalbright@users.noreply.github.com,,,,,2026-06-08,,,2026-06-30T20:12:33
Onboarding V2 - Ballot Status Viewed,onboarding_v2_ballot_status_viewed,7168448e9bf8ec252d9ad7ed5068bfff62d6769a,https://github.com/thegoodparty/omni/pull/2002,2026-06-08,6290668+feliksalbright@users.noreply.github.com,,,,,2026-06-08,,,2026-06-30T20:12:33
Onboarding V2 - Campaign Manager Clicked,onboarding_v2_campaign_manager_clicked,7168448e9bf8ec252d9ad7ed5068bfff62d6769a,https://github.com/thegoodparty/omni/pull/2002,2026-06-08,6290668+feliksalbright@users.noreply.github.com,,,,,2026-06-08,,,2026-06-30T20:12:33
Onboarding V2 - Campaign Story Completed,onboarding_v2_campaign_story_completed,,,,,,https://github.com/thegoodparty/omni/pull/1018,2026-07-27,,2026-07-27,,,2026-07-27T16:39:02
Onboarding V2 - Campaign Story Skipped,onboarding_v2_campaign_story_skipped,f696b55c89915108629df813f51b407b977f4fe6,,2026-07-16,5633757+dealvz@users.noreply.github.com,24b0817c5de3c51dedd808c88f026a7e85b2ed39,https://github.com/thegoodparty/omni/pull/1018,2026-07-27,5633757+dealvz@users.noreply.github.com,2026-07-27,,,2026-07-28T22:45:44
Onboarding V2 - Campaign Story Viewed,onboarding_v2_campaign_story_viewed,f696b55c89915108629df813f51b407b977f4fe6,,2026-07-16,5633757+dealvz@users.noreply.github.com,24b0817c5de3c51dedd808c88f026a7e85b2ed39,https://github.com/thegoodparty/omni/pull/1018,2026-07-27,5633757+dealvz@users.noreply.github.com,2026-07-27,,,2026-07-28T22:45:44
Onboarding V2 - Community Events Displayed,onboarding_v2_community_events_displayed,7168448e9bf8ec252d9ad7ed5068bfff62d6769a,https://github.com/thegoodparty/omni/pull/2002,2026-06-08,6290668+feliksalbright@users.noreply.github.com,,,,,2026-06-08,,,2026-06-30T20:12:33
Onboarding V2 - Community Events Requested,onboarding_v2_community_events_requested,7168448e9bf8ec252d9ad7ed5068bfff62d6769a,https://github.com/thegoodparty/omni/pull/2002,2026-06-08,6290668+feliksalbright@users.noreply.github.com,,,,,2026-06-08,,,2026-06-30T20:12:33
Onboarding V2 - Community Events Results Received,onboarding_v2_community_events_results_received,7168448e9bf8ec252d9ad7ed5068bfff62d6769a,https://github.com/thegoodparty/omni/pull/2002,2026-06-08,6290668+feliksalbright@users.noreply.github.com,,,,,2026-06-08,,,2026-06-30T20:12:33
Onboarding V2 - Media Displayed,onboarding_v2_media_displayed,7168448e9bf8ec252d9ad7ed5068bfff62d6769a,https://github.com/thegoodparty/omni/pull/2002,2026-06-08,6290668+feliksalbright@users.noreply.github.com,,,,,2026-06-08,,,2026-06-30T20:12:33
Onboarding V2 - Media Requested,onboarding_v2_media_requested,7168448e9bf8ec252d9ad7ed5068bfff62d6769a,https://github.com/thegoodparty/omni/pull/2002,2026-06-08,6290668+feliksalbright@users.noreply.github.com,,,,,2026-06-08,,,2026-06-30T20:12:33
Onboarding V2 - Media Results Received,onboarding_v2_media_results_received,7168448e9bf8ec252d9ad7ed5068bfff62d6769a,https://github.com/thegoodparty/omni/pull/2002,2026-06-08,6290668+feliksalbright@users.noreply.github.com,,,,,2026-06-08,,,2026-06-30T20:12:33
Onboarding V2 - New Campaign Context Completed,onboarding_v2_new_campaign_context_completed,9cd8b68a5e50b3eec249595ea4d927de286b9680,https://github.com/thegoodparty/omni/pull/151,2026-06-15,admin@velocinator.com,58821b65733bc3b6da57c261c7602ee7e8f1c6e5,https://github.com/thegoodparty/omni/pull/732,2026-07-13,tristan@goodparty.org,2026-07-13,,,2026-07-13T21:45:27
Onboarding V2 - New Campaign Context Viewed,onboarding_v2_new_campaign_context_viewed,9cd8b68a5e50b3eec249595ea4d927de286b9680,https://github.com/thegoodparty/omni/pull/151,2026-06-15,admin@velocinator.com,58821b65733bc3b6da57c261c7602ee7e8f1c6e5,https://github.com/thegoodparty/omni/pull/732,2026-07-13,tristan@goodparty.org,2026-07-13,,,2026-07-13T21:45:27
Onboarding V2 - Office Completed,onboarding_v2_office_completed,7168448e9bf8ec252d9ad7ed5068bfff62d6769a,https://github.com/thegoodparty/omni/pull/2002,2026-06-08,6290668+feliksalbright@users.noreply.github.com,,,,,2026-06-08,,,2026-06-30T20:12:33
Onboarding V2 - Office Next Clicked,onboarding_v2_office_next_clicked,649d14e2bcffef78ea08c0063c0905fe3369dc4a,https://github.com/thegoodparty/omni/pull/22,2026-06-09,6290668+feliksalbright@users.noreply.github.com,,,,,2026-06-09,,,2026-06-30T20:12:33
Onboarding V2 - Office Viewed,onboarding_v2_office_viewed,7168448e9bf8ec252d9ad7ed5068bfff62d6769a,https://github.com/thegoodparty/omni/pull/2002,2026-06-08,6290668+feliksalbright@users.noreply.github.com,,,,,2026-06-08,,,2026-06-30T20:12:33
Onboarding V2 - Onboarding Skipped,onboarding_v2_onboarding_skipped,24b0817c5de3c51dedd808c88f026a7e85b2ed39,https://github.com/thegoodparty/omni/pull/1018,2026-07-27,5633757+dealvz@users.noreply.github.com,,,,,2026-07-27,,,2026-07-28T22:45:44
Onboarding V2 - Party Designation Blocked,onboarding_v2_party_designation_blocked,7168448e9bf8ec252d9ad7ed5068bfff62d6769a,https://github.com/thegoodparty/omni/pull/2002,2026-06-08,6290668+feliksalbright@users.noreply.github.com,,,,,2026-06-08,,,2026-06-30T20:12:33
Onboarding V2 - Party Designation Completed,onboarding_v2_party_designation_completed,7168448e9bf8ec252d9ad7ed5068bfff62d6769a,https://github.com/thegoodparty/omni/pull/2002,2026-06-08,6290668+feliksalbright@users.noreply.github.com,,,,,2026-06-08,,,2026-06-30T20:12:33
Onboarding V2 - Party Designation Viewed,onboarding_v2_party_designation_viewed,7168448e9bf8ec252d9ad7ed5068bfff62d6769a,https://github.com/thegoodparty/omni/pull/2002,2026-06-08,6290668+feliksalbright@users.noreply.github.com,,,,,2026-06-08,,,2026-06-30T20:12:33
Onboarding V2 - Plan Downloaded,onboarding_v2_plan_downloaded,7168448e9bf8ec252d9ad7ed5068bfff62d6769a,https://github.com/thegoodparty/omni/pull/2002,2026-06-08,6290668+feliksalbright@users.noreply.github.com,,,,,2026-06-08,,,2026-06-30T20:12:33
Onboarding V2 - Plan Shared,onboarding_v2_plan_shared,3ca192ba46e2cb82bcf8e84ee0ebce7fe856793a,https://github.com/thegoodparty/omni/pull/171,2026-06-16,tristan@goodparty.org,,,,,2026-06-16,,,2026-06-30T20:12:33
Onboarding V2 - Pledge Completed,onboarding_v2_pledge_completed,7168448e9bf8ec252d9ad7ed5068bfff62d6769a,https://github.com/thegoodparty/omni/pull/2002,2026-06-08,6290668+feliksalbright@users.noreply.github.com,,,,,2026-06-08,,,2026-06-30T20:12:33
Onboarding V2 - Pledge Submit Clicked,onboarding_v2_pledge_submit_clicked,649d14e2bcffef78ea08c0063c0905fe3369dc4a,https://github.com/thegoodparty/omni/pull/22,2026-06-09,6290668+feliksalbright@users.noreply.github.com,,,,,2026-06-09,,,2026-06-30T20:12:33
Onboarding V2 - Pledge Viewed,onboarding_v2_pledge_viewed,7168448e9bf8ec252d9ad7ed5068bfff62d6769a,https://github.com/thegoodparty/omni/pull/2002,2026-06-08,6290668+feliksalbright@users.noreply.github.com,,,,,2026-06-08,,,2026-06-30T20:12:33
Onboarding V2 - Resources Completed,onboarding_v2_resources_completed,7168448e9bf8ec252d9ad7ed5068bfff62d6769a,https://github.com/thegoodparty/omni/pull/2002,2026-06-08,6290668+feliksalbright@users.noreply.github.com,76c2256cac0700dca9c4094a44961a2d90487934,https://github.com/thegoodparty/omni/pull/732,2026-07-13,tristan@goodparty.org,2026-07-13,,,2026-07-13T21:45:27
Onboarding V2 - Resources Viewed,onboarding_v2_resources_viewed,7168448e9bf8ec252d9ad7ed5068bfff62d6769a,https://github.com/thegoodparty/omni/pull/2002,2026-06-08,6290668+feliksalbright@users.noreply.github.com,76c2256cac0700dca9c4094a44961a2d90487934,https://github.com/thegoodparty/omni/pull/732,2026-07-13,tristan@goodparty.org,2026-07-13,,,2026-07-13T21:45:27
Onboarding V2 - Strategic Landscape Displayed,onboarding_v2_strategic_landscape_displayed,7168448e9bf8ec252d9ad7ed5068bfff62d6769a,https://github.com/thegoodparty/omni/pull/2002,2026-06-08,6290668+feliksalbright@users.noreply.github.com,,,,,2026-06-08,,,2026-06-30T20:12:33
Onboarding V2 - Strategic Landscape Requested,onboarding_v2_strategic_landscape_requested,7168448e9bf8ec252d9ad7ed5068bfff62d6769a,https://github.com/thegoodparty/omni/pull/2002,2026-06-08,6290668+feliksalbright@users.noreply.github.com,,,,,2026-06-08,,,2026-06-30T20:12:33
Onboarding V2 - Strategic Landscape Results Received,onboarding_v2_strategic_landscape_results_received,7168448e9bf8ec252d9ad7ed5068bfff62d6769a,https://github.com/thegoodparty/omni/pull/2002,2026-06-08,6290668+feliksalbright@users.noreply.github.com,,,,,2026-06-08,,,2026-06-30T20:12:33
Onboarding V2 - Voter Insights Completed,onboarding_v2_voter_insights_completed,7168448e9bf8ec252d9ad7ed5068bfff62d6769a,https://github.com/thegoodparty/omni/pull/2002,2026-06-08,6290668+feliksalbright@users.noreply.github.com,,,,,2026-06-08,,,2026-06-30T20:12:33
Onboarding V2 - Voter Insights Viewed,onboarding_v2_voter_insights_viewed,7168448e9bf8ec252d9ad7ed5068bfff62d6769a,https://github.com/thegoodparty/omni/pull/2002,2026-06-08,6290668+feliksalbright@users.noreply.github.com,,,,,2026-06-08,,,2026-06-30T20:12:33
Onboarding V2 - Votes Needed Calculated,onboarding_v2_votes_needed_calculated,649d14e2bcffef78ea08c0063c0905fe3369dc4a,https://github.com/thegoodparty/omni/pull/22,2026-06-09,6290668+feliksalbright@users.noreply.github.com,,,,,2026-06-09,,,2026-06-30T20:12:33
Onboarding V2 - Votes Needed Completed,onboarding_v2_votes_needed_completed,7168448e9bf8ec252d9ad7ed5068bfff62d6769a,https://github.com/thegoodparty/omni/pull/2002,2026-06-08,6290668+feliksalbright@users.noreply.github.com,,,,,2026-06-08,,,2026-06-30T20:12:33
Onboarding V2 - Votes Needed Failed,onboarding_v2_votes_needed_failed,649d14e2bcffef78ea08c0063c0905fe3369dc4a,https://github.com/thegoodparty/omni/pull/22,2026-06-09,6290668+feliksalbright@users.noreply.github.com,,,,,2026-06-09,,,2026-06-30T20:12:33
Onboarding V2 - Votes Needed Viewed,onboarding_v2_votes_needed_viewed,7168448e9bf8ec252d9ad7ed5068bfff62d6769a,https://github.com/thegoodparty/omni/pull/2002,2026-06-08,6290668+feliksalbright@users.noreply.github.com,,,,,2026-06-08,,,2026-06-30T20:12:33
Onboarding V2 - Welcome Completed,onboarding_v2_welcome_completed,7168448e9bf8ec252d9ad7ed5068bfff62d6769a,https://github.com/thegoodparty/omni/pull/2002,2026-06-08,6290668+feliksalbright@users.noreply.github.com,,,,,2026-06-10,,,2026-06-30T20:12:33
Onboarding V2 - Welcome Viewed,onboarding_v2_welcome_viewed,7168448e9bf8ec252d9ad7ed5068bfff62d6769a,https://github.com/thegoodparty/omni/pull/2002,2026-06-08,6290668+feliksalbright@users.noreply.github.com,,,,,2026-06-10,,,2026-06-30T20:12:33
Onboarding V2 - What Issues Do You Want To Solve Completed,onboarding_v2_what_issues_do_you_want_to_solve_completed,24b0817c5de3c51dedd808c88f026a7e85b2ed39,https://github.com/thegoodparty/omni/pull/1018,2026-07-27,5633757+dealvz@users.noreply.github.com,,,,,2026-07-27,,,2026-07-28T22:45:44
Onboarding V2 - What Issues Do You Want To Solve Viewed,onboarding_v2_what_issues_do_you_want_to_solve_viewed,24b0817c5de3c51dedd808c88f026a7e85b2ed39,https://github.com/thegoodparty/omni/pull/1018,2026-07-27,5633757+dealvz@users.noreply.github.com,,,,,2026-07-27,,,2026-07-28T22:45:44
Onboarding V2 - What's Your Background Completed,onboarding_v2_whats_your_background_completed,24b0817c5de3c51dedd808c88f026a7e85b2ed39,https://github.com/thegoodparty/omni/pull/1018,2026-07-27,5633757+dealvz@users.noreply.github.com,,,,,2026-07-27,,,2026-07-28T22:45:44
Onboarding V2 - What's Your Background Viewed,onboarding_v2_whats_your_background_viewed,24b0817c5de3c51dedd808c88f026a7e85b2ed39,https://github.com/thegoodparty/omni/pull/1018,2026-07-27,5633757+dealvz@users.noreply.github.com,,,,,2026-07-27,,,2026-07-28T22:45:44
Onboarding V2 - Why Are You Running Completed,onboarding_v2_why_are_you_running_completed,24b0817c5de3c51dedd808c88f026a7e85b2ed39,https://github.com/thegoodparty/omni/pull/1018,2026-07-27,5633757+dealvz@users.noreply.github.com,,,,,2026-07-27,,,2026-07-28T22:45:44
Onboarding V2 - Why Are You Running Viewed,onboarding_v2_why_are_you_running_viewed,24b0817c5de3c51dedd808c88f026a7e85b2ed39,https://github.com/thegoodparty/omni/pull/1018,2026-07-27,5633757+dealvz@users.noreply.github.com,,,,,2026-07-27,,,2026-07-28T22:45:44
Onboarding: Click Finish Later,onboarding_click_finish_later,1170c2777b41a1baf9f50650655aa705fdf7bbb3,,2025-02-26,snayak00@gmail.com,58821b65733bc3b6da57c261c7602ee7e8f1c6e5,https://github.com/thegoodparty/omni/pull/732,2026-07-13,tristan@goodparty.org,2026-07-13,,,2026-07-13T21:45:27
Ordinances - Authority Completed,ordinances_authority_completed,,https://github.com/thegoodparty/omni/pull/1039,2026-07-27,,,,,,2026-07-27,,,2026-07-27T23:25:20
Ordinances - Authority Viewed,ordinances_authority_viewed,,https://github.com/thegoodparty/omni/pull/1039,2026-07-27,,,,,,2026-07-27,,,2026-07-27T23:25:20
Ordinances - Clarify Completed,ordinances_clarify_completed,,https://github.com/thegoodparty/omni/pull/1039,2026-07-27,,,,,,2026-07-27,,,2026-07-27T23:25:20
Ordinances - Clarify Viewed,ordinances_clarify_viewed,,https://github.com/thegoodparty/omni/pull/1039,2026-07-27,,,,,,2026-07-27,,,2026-07-27T23:25:20
Ordinances - Current Law Completed,ordinances_current_law_completed,,https://github.com/thegoodparty/omni/pull/1039,2026-07-27,,,,,,2026-07-27,,,2026-07-27T23:25:20
Ordinances - Current Law Viewed,ordinances_current_law_viewed,,https://github.com/thegoodparty/omni/pull/1039,2026-07-27,,,,,,2026-07-27,,,2026-07-27T23:25:20
Ordinances - Draft Creation Completed,ordinances_draft_creation_completed,,https://github.com/thegoodparty/omni/pull/1039,2026-07-27,,,,,,2026-07-27,,,2026-07-27T23:25:21
Ordinances - Draft Creation Viewed,ordinances_draft_creation_viewed,,https://github.com/thegoodparty/omni/pull/1039,2026-07-27,,,,,,2026-07-27,,,2026-07-27T23:25:21
Ordinances - Draft Details Deleted,ordinances_draft_details_deleted,,https://github.com/thegoodparty/omni/pull/1039,2026-07-27,,,,,,2026-07-27,,,2026-07-27T23:25:21
Ordinances - Draft Details Downloaded,ordinances_draft_details_downloaded,,https://github.com/thegoodparty/omni/pull/1039,2026-07-27,,,,,,2026-07-27,,,2026-07-27T23:25:21
Ordinances - Draft Details Status Updated,ordinances_draft_details_status_updated,,https://github.com/thegoodparty/omni/pull/1039,2026-07-27,,,,,,2026-07-27,,,2026-07-27T23:25:21
Ordinances - Draft Details Viewed,ordinances_draft_details_viewed,,https://github.com/thegoodparty/omni/pull/1039,2026-07-27,,,,,,2026-07-27,,,2026-07-27T23:25:21
Ordinances - How Others Solved It Completed,ordinances_how_others_solved_it_completed,,https://github.com/thegoodparty/omni/pull/1039,2026-07-27,,,,,,2026-07-27,,,2026-07-27T23:25:21
Ordinances - How Others Solved It Viewed,ordinances_how_others_solved_it_viewed,,https://github.com/thegoodparty/omni/pull/1039,2026-07-27,,,,,,2026-07-27,,,2026-07-27T23:25:21
Org Switcher - Organization Switched,org_switcher_organization_switched,7d6668ba391fe68eb744fd6f98f4fdcf4377a295,https://github.com/thegoodparty/omni/pull/151,2026-06-15,admin@velocinator.com,,,,,2026-06-15,1,,2026-06-30T20:12:33
Org Switcher - Run For Office Clicked,org_switcher_run_for_office_clicked,7d6668ba391fe68eb744fd6f98f4fdcf4377a295,https://github.com/thegoodparty/omni/pull/151,2026-06-15,admin@velocinator.com,,,,,2026-06-15,1,,2026-06-30T20:12:33
Outreach - Action Clicked,outreach_action_clicked,334568cc8a740eadaa6578acb4699e660b18437f,https://github.com/thegoodparty/omni/pull/743,2025-07-03,lurchbulldog@gmail.com,,,,,2025-07-03,,,2026-06-30T20:12:33
Outreach - Click Create,outreach_click_create,334568cc8a740eadaa6578acb4699e660b18437f,https://github.com/thegoodparty/omni/pull/743,2025-07-03,lurchbulldog@gmail.com,,,,,2025-07-03,,,2026-06-30T20:12:33
Outreach - Door Knocking: Complete,outreach_door_knocking_complete,334568cc8a740eadaa6578acb4699e660b18437f,https://github.com/thegoodparty/omni/pull/743,2025-07-03,lurchbulldog@gmail.com,,,,,2025-07-03,,,2026-06-30T20:12:33
Outreach - Phone Banking: Complete,outreach_phone_banking_complete,334568cc8a740eadaa6578acb4699e660b18437f,https://github.com/thegoodparty/omni/pull/743,2025-07-03,lurchbulldog@gmail.com,,,,,2025-07-03,,,2026-06-30T20:12:33
Outreach - Social Media: Complete,outreach_social_media_complete,334568cc8a740eadaa6578acb4699e660b18437f,https://github.com/thegoodparty/omni/pull/743,2025-07-03,lurchbulldog@gmail.com,,,,,2025-07-03,,,2026-06-30T20:12:33
Outreach - View Accessed,outreach_view_accessed,334568cc8a740eadaa6578acb4699e660b18437f,https://github.com/thegoodparty/omni/pull/743,2025-07-03,lurchbulldog@gmail.com,,,,,2025-07-03,,,2026-06-30T20:12:33
P2P Upgrade - Modal: Click Button,p2p_upgrade_modal_click_button,2b9f22689ccc9e29678a4482de65a62db2e1d322,https://github.com/thegoodparty/omni/pull/946,2025-09-09,lurchbulldog@gmail.com,,,,,2025-09-09,,,2026-06-30T20:12:33
P2P Upgrade - Modal: Exit,p2p_upgrade_modal_exit,2b9f22689ccc9e29678a4482de65a62db2e1d322,https://github.com/thegoodparty/omni/pull/946,2025-09-09,lurchbulldog@gmail.com,,,,,2025-09-09,,,2026-06-30T20:12:33
P2P Upgrade - Modal: Modal Shown,p2p_upgrade_modal_modal_shown,2b9f22689ccc9e29678a4482de65a62db2e1d322,https://github.com/thegoodparty/omni/pull/946,2025-09-09,lurchbulldog@gmail.com,,,,,2025-09-09,,,2026-06-30T20:12:33
Page,page,,,,,,,,,,,,2026-06-30T20:12:33
Page Viewed,page_viewed,,,,,,,,,,,,2026-06-30T20:12:33
Payment - Completed,payment_completed,25a465774e01692e3283ad7eb15abc7452d75fc5,https://github.com/thegoodparty/omni/pull/1113,2025-11-04,swain.molster@gmail.com,,,,,2026-02-08,1,,2026-06-30T20:12:33
Payment - Review and Pay Screen Viewed,payment_review_and_pay_screen_viewed,25a465774e01692e3283ad7eb15abc7452d75fc5,https://github.com/thegoodparty/omni/pull/1113,2025-11-04,swain.molster@gmail.com,,,,,2025-11-04,1,,2026-06-30T20:12:33
Payment - Schedule and Pay Viewed,payment_schedule_and_pay_viewed,446ad6a04274cf3799c0d7cd0347e596cb313a49,https://github.com/thegoodparty/omni/pull/1230,2025-12-10,swain.molster@gmail.com,,,,,2026-02-08,1,,2026-06-30T20:12:33
Peerly Identity ID Created,peerly_identity_id_created,b19aa50fe179917d6f05485f067bf6969a148db3,https://github.com/thegoodparty/omni/pull/564,2026-06-30,6290668+feliksalbright@users.noreply.github.com,,,,,2026-06-30,,,2026-07-13T17:19:23
Poll - Results Synthesis Complete,poll_results_synthesis_complete,8293df56527c17f0fa9e42c99caf625438dd7242,https://github.com/thegoodparty/omni/pull/636,2025-10-13,swain.molster@gmail.com,,,,,2025-10-15,,,2026-06-30T20:12:33
Polls - Add Image Completed,polls_add_image_completed,446ad6a04274cf3799c0d7cd0347e596cb313a49,https://github.com/thegoodparty/omni/pull/1230,2025-12-10,swain.molster@gmail.com,,,,,2026-02-08,1,,2026-06-30T20:12:33
Polls - Add Image Viewed,polls_add_image_viewed,446ad6a04274cf3799c0d7cd0347e596cb313a49,https://github.com/thegoodparty/omni/pull/1230,2025-12-10,swain.molster@gmail.com,,,,,2026-02-08,1,,2026-06-30T20:12:33
Polls - Audience Selection Completed,polls_audience_selection_completed,446ad6a04274cf3799c0d7cd0347e596cb313a49,https://github.com/thegoodparty/omni/pull/1230,2025-12-10,swain.molster@gmail.com,,,,,2026-02-08,1,,2026-06-30T20:12:33
Polls - Audience Selection Viewed,polls_audience_selection_viewed,446ad6a04274cf3799c0d7cd0347e596cb313a49,https://github.com/thegoodparty/omni/pull/1230,2025-12-10,swain.molster@gmail.com,,,,,2026-02-08,1,,2026-06-30T20:12:33
Polls - Create Poll Clicked,polls_create_poll_clicked,446ad6a04274cf3799c0d7cd0347e596cb313a49,https://github.com/thegoodparty/omni/pull/1230,2025-12-10,swain.molster@gmail.com,,,,,2026-02-08,1,,2026-06-30T20:12:33
Polls - Expand Poll Recommendations Completed,polls_expand_poll_recommendations_completed,25a465774e01692e3283ad7eb15abc7452d75fc5,https://github.com/thegoodparty/omni/pull/1113,2025-11-04,swain.molster@gmail.com,,,,,2025-11-04,1,,2026-06-30T20:12:33
Polls - Expand Poll Recommendations Viewed,polls_expand_poll_recommendations_viewed,25a465774e01692e3283ad7eb15abc7452d75fc5,https://github.com/thegoodparty/omni/pull/1113,2025-11-04,swain.molster@gmail.com,,,,,2025-11-04,1,,2026-06-30T20:12:33
Polls - Expand Poll Review Viewed,polls_expand_poll_review_viewed,25a465774e01692e3283ad7eb15abc7452d75fc5,https://github.com/thegoodparty/omni/pull/1113,2025-11-04,swain.molster@gmail.com,,,,,2025-11-04,1,,2026-06-30T20:12:33
Polls - Low Confidence Modal Clicked,polls_low_confidence_modal_clicked,907174177b76b62992ff33439ebcd8b1d59d5e0a,https://github.com/thegoodparty/omni/pull/1382,2026-03-09,collin@goodparty.org,,,,,2026-03-09,1,,2026-06-30T20:12:33
Polls - Poll Bias Detection Shown,polls_poll_bias_detection_shown,446ad6a04274cf3799c0d7cd0347e596cb313a49,https://github.com/thegoodparty/omni/pull/1230,2025-12-10,swain.molster@gmail.com,,,,,2026-02-08,1,,2026-06-30T20:12:33
Polls - Poll Preview Completed,polls_poll_preview_completed,446ad6a04274cf3799c0d7cd0347e596cb313a49,https://github.com/thegoodparty/omni/pull/1230,2025-12-10,swain.molster@gmail.com,,,,,2026-02-08,1,,2026-06-30T20:12:33
Polls - Poll Preview Viewed,polls_poll_preview_viewed,446ad6a04274cf3799c0d7cd0347e596cb313a49,https://github.com/thegoodparty/omni/pull/1230,2025-12-10,swain.molster@gmail.com,,,,,2026-02-08,1,,2026-06-30T20:12:33
Polls - Poll Question Completed,polls_poll_question_completed,446ad6a04274cf3799c0d7cd0347e596cb313a49,https://github.com/thegoodparty/omni/pull/1230,2025-12-10,swain.molster@gmail.com,,,,,2026-02-08,1,,2026-06-30T20:12:33
Polls - Poll Question Optimized,polls_poll_question_optimized,446ad6a04274cf3799c0d7cd0347e596cb313a49,https://github.com/thegoodparty/omni/pull/1230,2025-12-10,swain.molster@gmail.com,,,,,2026-02-08,1,,2026-06-30T20:12:33
Polls - Poll Question Viewed,polls_poll_question_viewed,446ad6a04274cf3799c0d7cd0347e596cb313a49,https://github.com/thegoodparty/omni/pull/1230,2025-12-10,swain.molster@gmail.com,,,,,2026-02-08,1,,2026-06-30T20:12:33
Polls - Poll Results Issue Details Viewed,polls_poll_results_issue_details_viewed,24d9f8f48bfc6f173af3257d28bb7c35fc2d5c0f,https://github.com/thegoodparty/omni/pull/1135,2025-11-11,swain.molster@gmail.com,,,,,2025-11-11,1,,2026-06-30T20:12:33
Polls - Poll Results Overview Viewed,polls_poll_results_overview_viewed,24d9f8f48bfc6f173af3257d28bb7c35fc2d5c0f,https://github.com/thegoodparty/omni/pull/1135,2025-11-11,swain.molster@gmail.com,,,,,2025-11-11,1,,2026-06-30T20:12:33
Polls - Schedule Poll Completed,polls_schedule_poll_completed,446ad6a04274cf3799c0d7cd0347e596cb313a49,https://github.com/thegoodparty/omni/pull/1230,2025-12-10,swain.molster@gmail.com,,,,,2026-02-08,1,,2026-06-30T20:12:33
Polls - Schedule Poll Viewed,polls_schedule_poll_viewed,446ad6a04274cf3799c0d7cd0347e596cb313a49,https://github.com/thegoodparty/omni/pull/1230,2025-12-10,swain.molster@gmail.com,,,,,2026-02-08,1,,2026-06-30T20:12:33
Pro Upgrade - Banner Viewed,pro_upgrade_banner_viewed,54770c93280dd2e2b0febcaa23ac3d73028287f7,https://github.com/thegoodparty/omni/pull/2001,2026-06-08,tomer@goodparty.org,,,,,2026-06-08,1,,2026-06-30T20:12:33
Pro Upgrade - Banner: Click Get Pro,pro_upgrade_banner_click_get_pro,54770c93280dd2e2b0febcaa23ac3d73028287f7,https://github.com/thegoodparty/omni/pull/2001,2026-06-08,tomer@goodparty.org,,,,,2026-06-08,1,,2026-06-30T20:12:33
Pro Upgrade - Candidate Profile Submitted,pro_upgrade_candidate_profile_submitted,fd74078f7caa3d32df9f6d362ab5d18d10340452,https://github.com/thegoodparty/omni/pull/1970,2026-06-05,tomer@goodparty.org,,,,,2026-06-05,,,2026-06-30T20:12:33
Pro Upgrade - Candidate Profile Viewed,pro_upgrade_candidate_profile_viewed,001203d930501b41ed0b51c7a3551620d2ede502,https://github.com/thegoodparty/omni/pull/1939,2026-06-03,tomer@goodparty.org,,,,,2026-06-03,1,,2026-06-30T20:12:33
Pro Upgrade - Committee Check Page: Click Upload,pro_upgrade_committee_check_page_click_upload,1170c2777b41a1baf9f50650655aa705fdf7bbb3,,2025-02-26,snayak00@gmail.com,,,,,2025-02-26,,,2026-06-30T20:12:33
Pro Upgrade - Committee Check Page: Click back,pro_upgrade_committee_check_page_click_back,1170c2777b41a1baf9f50650655aa705fdf7bbb3,,2025-02-26,snayak00@gmail.com,76c2256cac0700dca9c4094a44961a2d90487934,https://github.com/thegoodparty/omni/pull/732,2026-07-13,tristan@goodparty.org,2026-07-13,,,2026-07-13T21:45:27
Pro Upgrade - Committee Check Page: Click next,pro_upgrade_committee_check_page_click_next,1170c2777b41a1baf9f50650655aa705fdf7bbb3,,2025-02-26,snayak00@gmail.com,76c2256cac0700dca9c4094a44961a2d90487934,https://github.com/thegoodparty/omni/pull/732,2026-07-13,tristan@goodparty.org,2026-07-13,,,2026-07-13T21:45:27
"Pro Upgrade - Committee Check Page: Hover ""EIN number"" help",pro_upgrade_committee_check_page_hover_ein_number_help,1c56e4c5094fa0dfdbbfe55fbaf0e43a2ca9e475,https://github.com/thegoodparty/omni/pull/1132,2025-11-11,lurchbulldog@gmail.com,,,,,2025-11-11,1,,2026-06-30T20:12:33
"Pro Upgrade - Committee Check Page: Hover ""Name of Campaign Committee"" help",pro_upgrade_committee_check_page_hover_name_of_campaign_committee_help,1c56e4c5094fa0dfdbbfe55fbaf0e43a2ca9e475,https://github.com/thegoodparty/omni/pull/1132,2025-11-11,lurchbulldog@gmail.com,76c2256cac0700dca9c4094a44961a2d90487934,https://github.com/thegoodparty/omni/pull/732,2026-07-13,tristan@goodparty.org,2026-07-13,,,2026-07-13T21:45:27
"Pro Upgrade - Committee Check Page: Hover ""Upload"" help",pro_upgrade_committee_check_page_hover_upload_help,1c56e4c5094fa0dfdbbfe55fbaf0e43a2ca9e475,https://github.com/thegoodparty/omni/pull/1132,2025-11-11,lurchbulldog@gmail.com,76c2256cac0700dca9c4094a44961a2d90487934,https://github.com/thegoodparty/omni/pull/732,2026-07-13,tristan@goodparty.org,2026-07-13,,,2026-07-13T21:45:27
Pro Upgrade - Committee Check Page: Hover “EIN number” help,pro_upgrade_committee_check_page_hover_ein_number_help,1170c2777b41a1baf9f50650655aa705fdf7bbb3,,2025-02-26,snayak00@gmail.com,1c56e4c5094fa0dfdbbfe55fbaf0e43a2ca9e475,https://github.com/thegoodparty/omni/pull/1132,2025-11-11,lurchbulldog@gmail.com,2025-11-11,,,2026-06-30T20:12:33
Pro Upgrade - Committee Check Page: Hover “Name of Campaign Committee” help,pro_upgrade_committee_check_page_hover_name_of_campaign_committee_help,1170c2777b41a1baf9f50650655aa705fdf7bbb3,,2025-02-26,snayak00@gmail.com,1c56e4c5094fa0dfdbbfe55fbaf0e43a2ca9e475,https://github.com/thegoodparty/omni/pull/1132,2025-11-11,lurchbulldog@gmail.com,2025-11-11,,,2026-06-30T20:12:33
Pro Upgrade - Committee Check Page: Hover “Upload” help,pro_upgrade_committee_check_page_hover_upload_help,1170c2777b41a1baf9f50650655aa705fdf7bbb3,,2025-02-26,snayak00@gmail.com,1c56e4c5094fa0dfdbbfe55fbaf0e43a2ca9e475,https://github.com/thegoodparty/omni/pull/1132,2025-11-11,lurchbulldog@gmail.com,2025-11-11,,,2026-06-30T20:12:33
Pro Upgrade - Committee Check Page: Toggle EIN requirement,pro_upgrade_committee_check_page_toggle_ein_requirement,1170c2777b41a1baf9f50650655aa705fdf7bbb3,,2025-02-26,snayak00@gmail.com,58821b65733bc3b6da57c261c7602ee7e8f1c6e5,https://github.com/thegoodparty/omni/pull/732,2026-07-13,tristan@goodparty.org,2026-07-13,,,2026-07-13T21:45:27
Pro Upgrade - EIN Viewed,pro_upgrade_ein_viewed,c1183769c51e92e8e7177d09c9604c083f3b8454,https://github.com/thegoodparty/omni/pull/1987,2026-06-07,tomer@goodparty.org,,,,,2026-06-07,1,,2026-06-30T20:12:33
Pro Upgrade - EIN: Click continue,pro_upgrade_ein_click_continue,c1183769c51e92e8e7177d09c9604c083f3b8454,https://github.com/thegoodparty/omni/pull/1987,2026-06-07,tomer@goodparty.org,,,,,2026-06-07,1,,2026-06-30T20:12:33
Pro Upgrade - EIN: Hover help,pro_upgrade_ein_hover_help,0b66488415b7ecbcf217d96901a9a5c15ad50b0c,https://github.com/thegoodparty/omni/pull/1987,2026-06-07,tomer@goodparty.org,,,,,2026-06-07,1,,2026-06-30T20:12:33
Pro Upgrade - Filing Details Submit Error,pro_upgrade_filing_details_submit_error,3ca192ba46e2cb82bcf8e84ee0ebce7fe856793a,https://github.com/thegoodparty/omni/pull/171,2026-06-16,tristan@goodparty.org,,,,,2026-06-16,,,2026-07-20T11:56:25
Pro Upgrade - Filing Details Submitted,pro_upgrade_filing_details_submitted,fd74078f7caa3d32df9f6d362ab5d18d10340452,https://github.com/thegoodparty/omni/pull/1970,2026-06-05,tomer@goodparty.org,,,,,2026-06-05,,,2026-06-30T20:12:33
Pro Upgrade - Filing Details Viewed,pro_upgrade_filing_details_viewed,001203d930501b41ed0b51c7a3551620d2ede502,https://github.com/thegoodparty/omni/pull/1939,2026-06-03,tomer@goodparty.org,,,,,2026-06-03,2,,2026-06-30T20:12:33
Pro Upgrade - Filing Instructions Viewed,pro_upgrade_filing_instructions_viewed,ecd2a35fadc270c7d5c4b5234ec6223962991f2a,https://github.com/thegoodparty/omni/pull/1985,2026-06-07,tomer@goodparty.org,,,,,2026-06-07,1,,2026-06-30T20:12:33
Pro Upgrade - Filing Instructions: Click continue to dashboard,pro_upgrade_filing_instructions_click_continue_to_dashboard,ecd2a35fadc270c7d5c4b5234ec6223962991f2a,https://github.com/thegoodparty/omni/pull/1985,2026-06-07,tomer@goodparty.org,,,,,2026-06-07,1,,2026-06-30T20:12:33
Pro Upgrade - Filing Instructions: Click email this to me,pro_upgrade_filing_instructions_click_email_this_to_me,ecd2a35fadc270c7d5c4b5234ec6223962991f2a,https://github.com/thegoodparty/omni/pull/1985,2026-06-07,tomer@goodparty.org,,,,,2026-06-07,1,,2026-06-30T20:12:33
Pro Upgrade - Filing Status Viewed,pro_upgrade_filing_status_viewed,6dfb6b9f0034b4b4e8caf8c7fad46d362c21f1fb,https://github.com/thegoodparty/omni/pull/1984,2026-06-07,tomer@goodparty.org,,,,,2026-06-07,1,,2026-06-30T20:12:33
Pro Upgrade - Filing Status: Click already filed,pro_upgrade_filing_status_click_already_filed,6dfb6b9f0034b4b4e8caf8c7fad46d362c21f1fb,https://github.com/thegoodparty/omni/pull/1984,2026-06-07,tomer@goodparty.org,,,,,2026-06-07,1,,2026-06-30T20:12:33
Pro Upgrade - Filing Status: Click not yet filed,pro_upgrade_filing_status_click_not_yet_filed,6dfb6b9f0034b4b4e8caf8c7fad46d362c21f1fb,https://github.com/thegoodparty/omni/pull/1984,2026-06-07,tomer@goodparty.org,,,,,2026-06-07,1,,2026-06-30T20:12:33
Pro Upgrade - Guidance Viewed,pro_upgrade_guidance_viewed,7f6db6f25fc3e3277698af890bce5a7e3bd7de36,https://github.com/thegoodparty/omni/pull/1986,2026-06-07,tomer@goodparty.org,,,,,2026-06-07,1,,2026-06-30T20:12:33
Pro Upgrade - Guidance: Click let's go,pro_upgrade_guidance_click_lets_go,7f6db6f25fc3e3277698af890bce5a7e3bd7de36,https://github.com/thegoodparty/omni/pull/1986,2026-06-07,tomer@goodparty.org,,,,,2026-06-07,1,,2026-06-30T20:12:33
Pro Upgrade - Locked Item: Click,pro_upgrade_locked_item_click,54770c93280dd2e2b0febcaa23ac3d73028287f7,https://github.com/thegoodparty/omni/pull/2001,2026-06-08,tomer@goodparty.org,,,,,2026-06-08,1,,2026-06-30T20:12:33
Pro Upgrade - Modal: Click Button,pro_upgrade_modal_click_button,8b0426df16c5949c469f122beaaf70b859ba0d1f,,2025-03-10,snayak00@gmail.com,,,,,2025-03-10,1,,2026-06-30T20:12:33
Pro Upgrade - Modal: Exit,pro_upgrade_modal_exit,8b0426df16c5949c469f122beaaf70b859ba0d1f,,2025-03-10,snayak00@gmail.com,,,,,2025-03-10,1,,2026-06-30T20:12:33
Pro Upgrade - Modal: Modal Shown,pro_upgrade_modal_modal_shown,8b0426df16c5949c469f122beaaf70b859ba0d1f,,2025-03-10,snayak00@gmail.com,,,,,2025-03-10,1,,2026-06-30T20:12:33
Pro Upgrade - PIN Entry Viewed,pro_upgrade_pin_entry_viewed,001203d930501b41ed0b51c7a3551620d2ede502,https://github.com/thegoodparty/omni/pull/1939,2026-06-03,tomer@goodparty.org,,,,,2026-06-03,2,,2026-06-30T20:12:33
Pro Upgrade - Payment Viewed,pro_upgrade_payment_viewed,c465ade2992cad108b60684aa48d84e57b125f6e,https://github.com/thegoodparty/omni/pull/1990,2026-06-07,tomer@goodparty.org,,,,,2026-06-07,1,,2026-06-30T20:12:33
Pro Upgrade - Service Agreement Page: Click back,pro_upgrade_service_agreement_page_click_back,1170c2777b41a1baf9f50650655aa705fdf7bbb3,,2025-02-26,snayak00@gmail.com,58821b65733bc3b6da57c261c7602ee7e8f1c6e5,https://github.com/thegoodparty/omni/pull/732,2026-07-13,tristan@goodparty.org,2026-07-13,,,2026-07-13T21:45:27
Pro Upgrade - Service Agreement Page: Click finish,pro_upgrade_service_agreement_page_click_finish,1170c2777b41a1baf9f50650655aa705fdf7bbb3,,2025-02-26,snayak00@gmail.com,76c2256cac0700dca9c4094a44961a2d90487934,https://github.com/thegoodparty/omni/pull/732,2026-07-13,tristan@goodparty.org,2026-07-13,,,2026-07-13T21:45:27
Pro Upgrade - Splash Page: Click upgrade,pro_upgrade_splash_page_click_upgrade,8b0426df16c5949c469f122beaaf70b859ba0d1f,,2025-03-10,snayak00@gmail.com,76c2256cac0700dca9c4094a44961a2d90487934,https://github.com/thegoodparty/omni/pull/732,2026-07-13,tristan@goodparty.org,2026-07-13,,,2026-07-13T21:45:27
Pro Upgrade - Splash Page: Exit,pro_upgrade_splash_page_exit,8b0426df16c5949c469f122beaaf70b859ba0d1f,,2025-03-10,snayak00@gmail.com,76c2256cac0700dca9c4094a44961a2d90487934,https://github.com/thegoodparty/omni/pull/732,2026-07-13,tristan@goodparty.org,2026-07-13,,,2026-07-13T21:45:27
Pro Upgrade - Success Viewed,pro_upgrade_success_viewed,9a3d5e1de57e975a9a194e681e4f216a63c642d6,https://github.com/thegoodparty/omni/pull/1992,2026-06-08,tomer@goodparty.org,,,,,2026-06-08,1,,2026-06-30T20:12:33
Pro Upgrade - Success: Click continue,pro_upgrade_success_click_continue,9a3d5e1de57e975a9a194e681e4f216a63c642d6,https://github.com/thegoodparty/omni/pull/1992,2026-06-08,tomer@goodparty.org,,,,,2026-06-08,1,,2026-06-30T20:12:33
Pro Upgrade - Value Prop Viewed,pro_upgrade_value_prop_viewed,4d37796a8d006151b6b85118974c80afa5fd7320,https://github.com/thegoodparty/omni/pull/1983,2026-06-06,tomer@goodparty.org,,,,,2026-06-06,1,,2026-06-30T20:12:33
Pro Upgrade - Value Prop: Click Get Pro,pro_upgrade_value_prop_click_get_pro,4d37796a8d006151b6b85118974c80afa5fd7320,https://github.com/thegoodparty/omni/pull/1983,2026-06-06,tomer@goodparty.org,,,,,2026-06-06,1,,2026-06-30T20:12:33
Pro Upgrade - Value Prop: Click Maybe later,pro_upgrade_value_prop_click_maybe_later,4d37796a8d006151b6b85118974c80afa5fd7320,https://github.com/thegoodparty/omni/pull/1983,2026-06-06,tomer@goodparty.org,,,,,2026-06-06,1,,2026-06-30T20:12:33
Pro Upgrade: Click Go to Stripe,pro_upgrade_click_go_to_stripe,1170c2777b41a1baf9f50650655aa705fdf7bbb3,,2025-02-26,snayak00@gmail.com,76c2256cac0700dca9c4094a44961a2d90487934,https://github.com/thegoodparty/omni/pull/732,2026-07-13,tristan@goodparty.org,2026-07-13,,,2026-07-13T21:45:27
Pro Upgrade: Click exit top nav,pro_upgrade_click_exit_top_nav,8b0426df16c5949c469f122beaaf70b859ba0d1f,,2025-03-10,snayak00@gmail.com,,,,,2025-03-10,1,,2026-06-30T20:12:33
Pro Upgrade: Confirm office,pro_upgrade_confirm_office,8b0426df16c5949c469f122beaaf70b859ba0d1f,,2025-03-10,snayak00@gmail.com,76c2256cac0700dca9c4094a44961a2d90487934,https://github.com/thegoodparty/omni/pull/732,2026-07-13,tristan@goodparty.org,2026-07-13,,,2026-07-13T21:45:27
Pro Upgrade: Edit office,pro_upgrade_edit_office,8b0426df16c5949c469f122beaaf70b859ba0d1f,,2025-03-10,snayak00@gmail.com,76c2256cac0700dca9c4094a44961a2d90487934,https://github.com/thegoodparty/omni/pull/732,2026-07-13,tristan@goodparty.org,2026-07-13,,,2026-07-13T21:45:27
Pro Upgrade: Exit edit office,pro_upgrade_exit_edit_office,8b0426df16c5949c469f122beaaf70b859ba0d1f,,2025-03-10,snayak00@gmail.com,76c2256cac0700dca9c4094a44961a2d90487934,https://github.com/thegoodparty/omni/pull/732,2026-07-13,tristan@goodparty.org,2026-07-13,,,2026-07-13T21:45:27
Pro Upgrade: Submit edit office,pro_upgrade_submit_edit_office,8b0426df16c5949c469f122beaaf70b859ba0d1f,,2025-03-10,snayak00@gmail.com,76c2256cac0700dca9c4094a44961a2d90487934,https://github.com/thegoodparty/omni/pull/732,2026-07-13,tristan@goodparty.org,2026-07-13,,,2026-07-13T21:45:27
Pro user can not download voter file page,pro_user_can_not_download_voter_file_page,7d03f67f7ae53ade7b5894b5841fccbb35e16dcc,,2024-06-30,tomer@goodparty.org,e8ff914684d44730c937d55ce128e81b57f3d0af,https://github.com/thegoodparty/omni/pull/886,2026-07-20,tomer@goodparty.org,2026-07-20,,,2026-07-27T12:04:25
Profile - Campaign Details: Click Save,profile_campaign_details_click_save,1170c2777b41a1baf9f50650655aa705fdf7bbb3,,2025-02-26,snayak00@gmail.com,,,,,2025-02-26,,,2026-06-30T20:12:33
Profile - Candidate Profile: Click Submit,profile_candidate_profile_click_submit,3a9eda2435a50c733d461fffb4c31cade6a4670f,https://github.com/thegoodparty/omni/pull/1769,2026-04-29,tomer@goodparty.org,,,,,2026-04-29,,,2026-06-30T20:12:33
Profile - Candidate Profile: Submit Success,profile_candidate_profile_submit_success,3a9eda2435a50c733d461fffb4c31cade6a4670f,https://github.com/thegoodparty/omni/pull/1769,2026-04-29,tomer@goodparty.org,fd74078f7caa3d32df9f6d362ab5d18d10340452,https://github.com/thegoodparty/omni/pull/1970,2026-06-05,tomer@goodparty.org,2026-06-05,,,2026-06-30T20:12:33
Profile - Fun Fact: Click Save,profile_fun_fact_click_save,1170c2777b41a1baf9f50650655aa705fdf7bbb3,,2025-02-26,snayak00@gmail.com,76c2256cac0700dca9c4094a44961a2d90487934,https://github.com/thegoodparty/omni/pull/732,2026-07-13,tristan@goodparty.org,2026-07-13,,,2026-07-13T21:45:27
Profile - Office Details: Click Edit,profile_office_details_click_edit,1170c2777b41a1baf9f50650655aa705fdf7bbb3,,2025-02-26,snayak00@gmail.com,,,,,2025-02-26,,,2026-06-30T20:12:33
Profile - Office Details: Click Save,profile_office_details_click_save,1170c2777b41a1baf9f50650655aa705fdf7bbb3,,2025-02-26,snayak00@gmail.com,,,,,2025-02-26,,,2026-06-30T20:12:33
Profile - Policy Priorities: Cancel Add,profile_policy_priorities_cancel_add,e2e5ed9386a69f3cfa83791cd0de5adce47f9413,https://github.com/thegoodparty/omni/pull/1769,2026-04-29,tomer@goodparty.org,,,,,2026-04-29,,,2026-06-30T20:12:33
Profile - Policy Priorities: Cancel Edit,profile_policy_priorities_cancel_edit,3a9eda2435a50c733d461fffb4c31cade6a4670f,https://github.com/thegoodparty/omni/pull/1769,2026-04-29,tomer@goodparty.org,,,,,2026-04-29,,,2026-06-30T20:12:33
Profile - Policy Priorities: Click Add,profile_policy_priorities_click_add,3a9eda2435a50c733d461fffb4c31cade6a4670f,https://github.com/thegoodparty/omni/pull/1769,2026-04-29,tomer@goodparty.org,,,,,2026-04-29,,,2026-06-30T20:12:33
Profile - Policy Priorities: Click Delete,profile_policy_priorities_click_delete,3a9eda2435a50c733d461fffb4c31cade6a4670f,https://github.com/thegoodparty/omni/pull/1769,2026-04-29,tomer@goodparty.org,,,,,2026-04-29,,,2026-06-30T20:12:33
Profile - Policy Priorities: Click Edit,profile_policy_priorities_click_edit,3a9eda2435a50c733d461fffb4c31cade6a4670f,https://github.com/thegoodparty/omni/pull/1769,2026-04-29,tomer@goodparty.org,,,,,2026-04-29,,,2026-06-30T20:12:33
Profile - Policy Priorities: Click Save,profile_policy_priorities_click_save,e1371f746f1db7146bb55de165e8725613e3d6aa,https://github.com/thegoodparty/omni/pull/1778,2026-04-30,tomer@goodparty.org,76c2256cac0700dca9c4094a44961a2d90487934,https://github.com/thegoodparty/omni/pull/732,2026-07-13,tristan@goodparty.org,2026-07-13,,,2026-07-13T21:45:27
Profile - Policy Priorities: Submit Add,profile_policy_priorities_submit_add,3a9eda2435a50c733d461fffb4c31cade6a4670f,https://github.com/thegoodparty/omni/pull/1769,2026-04-29,tomer@goodparty.org,,,,,2026-04-29,,,2026-06-30T20:12:33
Profile - Policy Priorities: Submit Delete,profile_policy_priorities_submit_delete,3a9eda2435a50c733d461fffb4c31cade6a4670f,https://github.com/thegoodparty/omni/pull/1769,2026-04-29,tomer@goodparty.org,,,,,2026-04-29,,,2026-06-30T20:12:33
Profile - Policy Priorities: Submit Edit,profile_policy_priorities_submit_edit,3a9eda2435a50c733d461fffb4c31cade6a4670f,https://github.com/thegoodparty/omni/pull/1769,2026-04-29,tomer@goodparty.org,,,,,2026-04-29,,,2026-06-30T20:12:33
Profile - Running Against: Cancel Add New,profile_running_against_cancel_add_new,1170c2777b41a1baf9f50650655aa705fdf7bbb3,,2025-02-26,snayak00@gmail.com,,,,,2025-02-26,,,2026-06-30T20:12:33
Profile - Running Against: Cancel Edit,profile_running_against_cancel_edit,1170c2777b41a1baf9f50650655aa705fdf7bbb3,,2025-02-26,snayak00@gmail.com,,,,,2025-02-26,,,2026-06-30T20:12:33
Profile - Running Against: Click Add New,profile_running_against_click_add_new,1170c2777b41a1baf9f50650655aa705fdf7bbb3,,2025-02-26,snayak00@gmail.com,,,,,2025-02-26,,,2026-06-30T20:12:33
Profile - Running Against: Click Delete,profile_running_against_click_delete,1170c2777b41a1baf9f50650655aa705fdf7bbb3,,2025-02-26,snayak00@gmail.com,,,,,2025-02-26,,,2026-06-30T20:12:33
Profile - Running Against: Click Edit,profile_running_against_click_edit,1170c2777b41a1baf9f50650655aa705fdf7bbb3,,2025-02-26,snayak00@gmail.com,,,,,2025-02-26,,,2026-06-30T20:12:33
Profile - Running Against: Click Save,profile_running_against_click_save,1170c2777b41a1baf9f50650655aa705fdf7bbb3,,2025-02-26,snayak00@gmail.com,,,,,2025-02-26,,,2026-06-30T20:12:33
Profile - Running Against: Submit Add New,profile_running_against_submit_add_new,1170c2777b41a1baf9f50650655aa705fdf7bbb3,,2025-02-26,snayak00@gmail.com,,,,,2025-02-26,,,2026-06-30T20:12:33
Profile - Running Against: Submit Edit,profile_running_against_submit_edit,1170c2777b41a1baf9f50650655aa705fdf7bbb3,,2025-02-26,snayak00@gmail.com,,,,,2025-02-26,,,2026-06-30T20:12:33
Profile - Top Issues: Cancel Delete,profile_top_issues_cancel_delete,1170c2777b41a1baf9f50650655aa705fdf7bbb3,,2025-02-26,snayak00@gmail.com,58821b65733bc3b6da57c261c7602ee7e8f1c6e5,https://github.com/thegoodparty/omni/pull/732,2026-07-13,tristan@goodparty.org,2026-07-13,,,2026-07-13T21:45:27
Profile - Top Issues: Cancel Edit,profile_top_issues_cancel_edit,1170c2777b41a1baf9f50650655aa705fdf7bbb3,,2025-02-26,snayak00@gmail.com,,,,,2025-02-26,,,2026-06-30T20:12:33
Profile - Top Issues: Click Delete,profile_top_issues_click_delete,1170c2777b41a1baf9f50650655aa705fdf7bbb3,,2025-02-26,snayak00@gmail.com,58821b65733bc3b6da57c261c7602ee7e8f1c6e5,https://github.com/thegoodparty/omni/pull/732,2026-07-13,tristan@goodparty.org,2026-07-13,,,2026-07-13T21:45:27
Profile - Top Issues: Click Edit,profile_top_issues_click_edit,1170c2777b41a1baf9f50650655aa705fdf7bbb3,,2025-02-26,snayak00@gmail.com,76c2256cac0700dca9c4094a44961a2d90487934,https://github.com/thegoodparty/omni/pull/732,2026-07-13,tristan@goodparty.org,2026-07-13,,,2026-07-13T21:45:27
Profile - Top Issues: Click Finish Entering Issues,profile_top_issues_click_finish_entering_issues,1170c2777b41a1baf9f50650655aa705fdf7bbb3,,2025-02-26,snayak00@gmail.com,76c2256cac0700dca9c4094a44961a2d90487934,https://github.com/thegoodparty/omni/pull/732,2026-07-13,tristan@goodparty.org,2026-07-13,,,2026-07-13T21:45:27
Profile - Top Issues: Submit Delete,profile_top_issues_submit_delete,1170c2777b41a1baf9f50650655aa705fdf7bbb3,,2025-02-26,snayak00@gmail.com,58821b65733bc3b6da57c261c7602ee7e8f1c6e5,https://github.com/thegoodparty/omni/pull/732,2026-07-13,tristan@goodparty.org,2026-07-13,,,2026-07-13T21:45:27
Profile - Top Issues: Submit Edit,profile_top_issues_submit_edit,1170c2777b41a1baf9f50650655aa705fdf7bbb3,,2025-02-26,snayak00@gmail.com,76c2256cac0700dca9c4094a44961a2d90487934,https://github.com/thegoodparty/omni/pull/732,2026-07-13,tristan@goodparty.org,2026-07-13,,,2026-07-13T21:45:27
Profile - Why Running: Click Save,profile_why_running_click_save,e1371f746f1db7146bb55de165e8725613e3d6aa,https://github.com/thegoodparty/omni/pull/1778,2026-04-30,tomer@goodparty.org,76c2256cac0700dca9c4094a44961a2d90487934,https://github.com/thegoodparty/omni/pull/732,2026-07-13,tristan@goodparty.org,2026-07-13,,,2026-07-13T21:45:27
Profile - Why Section: Click Save,profile_why_section_click_save,1170c2777b41a1baf9f50650655aa705fdf7bbb3,,2025-02-26,snayak00@gmail.com,76c2256cac0700dca9c4094a44961a2d90487934,https://github.com/thegoodparty/omni/pull/732,2026-07-13,tristan@goodparty.org,2026-07-13,,,2026-07-13T21:45:27
Resources - Resource Clicked,resources_resource_clicked,4e16c164e0a629ba6c5ea08b302c880de1df2b5c,https://github.com/thegoodparty/omni/pull/1040,2025-10-14,lurchbulldog@gmail.com,3f6a11a2d717831603f3640b481d6ce9ca6c6698,https://github.com/thegoodparty/omni/pull/1459,2026-02-23,patrick@goodparty.org,2026-02-23,,,2026-06-30T20:12:33
Schedule Text Campaign - Audience: Check Age,schedule_text_campaign_audience_check_age,1170c2777b41a1baf9f50650655aa705fdf7bbb3,,2025-02-26,snayak00@gmail.com,,,,,2025-02-26,1,,2026-06-30T20:12:33
Schedule Text Campaign - Audience: Check Audience,schedule_text_campaign_audience_check_audience,1170c2777b41a1baf9f50650655aa705fdf7bbb3,,2025-02-26,snayak00@gmail.com,,,,,2025-02-26,1,,2026-06-30T20:12:33
Schedule Text Campaign - Audience: Check Gender,schedule_text_campaign_audience_check_gender,1170c2777b41a1baf9f50650655aa705fdf7bbb3,,2025-02-26,snayak00@gmail.com,,,,,2025-02-26,1,,2026-06-30T20:12:33
Schedule Text Campaign - Audience: Check Political Party,schedule_text_campaign_audience_check_political_party,1170c2777b41a1baf9f50650655aa705fdf7bbb3,,2025-02-26,snayak00@gmail.com,,,,,2025-02-26,1,,2026-06-30T20:12:33
Schedule Text Campaign - Audience: Enter Audience Request,schedule_text_campaign_audience_enter_audience_request,1170c2777b41a1baf9f50650655aa705fdf7bbb3,,2025-02-26,snayak00@gmail.com,,,,,2025-02-26,1,,2026-06-30T20:12:33
Schedule Text Campaign - Script: Click Add your own script,schedule_text_campaign_script_click_add_your_own_script,1170c2777b41a1baf9f50650655aa705fdf7bbb3,,2025-02-26,snayak00@gmail.com,,,,,2025-02-26,1,,2026-06-30T20:12:33
Schedule Text Campaign - Script: Click Generate a new script,schedule_text_campaign_script_click_generate_a_new_script,1170c2777b41a1baf9f50650655aa705fdf7bbb3,,2025-02-26,snayak00@gmail.com,,,,,2025-02-26,1,,2026-06-30T20:12:33
Schedule Text Campaign - Script: Click Use a saved script,schedule_text_campaign_script_click_use_a_saved_script,1170c2777b41a1baf9f50650655aa705fdf7bbb3,,2025-02-26,snayak00@gmail.com,,,,,2025-02-26,1,,2026-06-30T20:12:33
Schedule Text Campaign - Script: Select Saved Script,schedule_text_campaign_script_select_saved_script,1170c2777b41a1baf9f50650655aa705fdf7bbb3,,2025-02-26,snayak00@gmail.com,,,,,2025-02-26,1,,2026-06-30T20:12:33
Schedule Text Campaign - Script: Submit added script,schedule_text_campaign_script_submit_added_script,1170c2777b41a1baf9f50650655aa705fdf7bbb3,,2025-02-26,snayak00@gmail.com,,,,,2025-02-26,1,,2026-06-30T20:12:33
Schedule Text Campaign: Back,schedule_text_campaign_back,1170c2777b41a1baf9f50650655aa705fdf7bbb3,,2025-02-26,snayak00@gmail.com,,,,,2025-02-26,1,,2026-06-30T20:12:33
Schedule Text Campaign: Exit,schedule_text_campaign_exit,1170c2777b41a1baf9f50650655aa705fdf7bbb3,,2025-02-26,snayak00@gmail.com,,,,,2025-02-26,1,,2026-06-30T20:12:33
Schedule Text Campaign: Next,schedule_text_campaign_next,1170c2777b41a1baf9f50650655aa705fdf7bbb3,,2025-02-26,snayak00@gmail.com,,,,,2025-02-26,1,,2026-06-30T20:12:33
Schedule Text Campaign: Submit,schedule_text_campaign_submit,1170c2777b41a1baf9f50650655aa705fdf7bbb3,,2025-02-26,snayak00@gmail.com,58821b65733bc3b6da57c261c7602ee7e8f1c6e5,https://github.com/thegoodparty/omni/pull/732,2026-07-13,tristan@goodparty.org,2026-07-13,,,2026-07-13T21:45:27
Scroll Depth,scroll_depth,,,,,,,,,,,,2026-06-30T20:12:33
Segment Consent Preference Updated,segment_consent_preference_updated,,,,,,,,,,,,2026-06-30T20:12:33
Serve Onboarding - Add Image Viewed,serve_onboarding_add_image_viewed,3f61c919fcb19db7270362a4767ab98ed1a10a88,https://github.com/thegoodparty/omni/pull/1022,2025-10-09,145415012+oakinh@users.noreply.github.com,,,,,2025-10-09,1,,2026-06-30T20:12:33
Serve Onboarding - BR Suggestion Changed,serve_onboarding_br_suggestion_changed,4cc1cb142febe9084e5dde6771d6bdbd29f25e46,https://github.com/thegoodparty/omni/pull/198,2026-06-18,145415012+oakinh@users.noreply.github.com,,,,,2026-06-18,1,,2026-06-30T20:12:33
Serve Onboarding - Confirm Viewed,serve_onboarding_confirm_viewed,b2f1f6c21a0949156b851cf80326878d990a5950,https://github.com/thegoodparty/omni/pull/323,2026-06-24,145415012+oakinh@users.noreply.github.com,,,,,2026-06-24,1,,2026-06-30T20:12:33
Serve Onboarding - Constituency Profile Viewed,serve_onboarding_constituency_profile_viewed,3f61c919fcb19db7270362a4767ab98ed1a10a88,https://github.com/thegoodparty/omni/pull/1022,2025-10-09,145415012+oakinh@users.noreply.github.com,,,,,2025-10-09,1,,2026-06-30T20:12:33
Serve Onboarding - Getting Started Viewed,serve_onboarding_getting_started_viewed,3f61c919fcb19db7270362a4767ab98ed1a10a88,https://github.com/thegoodparty/omni/pull/1022,2025-10-09,145415012+oakinh@users.noreply.github.com,,,,,2025-10-09,1,,2026-06-30T20:12:33
Serve Onboarding - Know Your Constituents Completed,serve_onboarding_know_your_constituents_completed,b2f1f6c21a0949156b851cf80326878d990a5950,https://github.com/thegoodparty/omni/pull/323,2026-06-24,145415012+oakinh@users.noreply.github.com,,,,,2026-06-24,1,,2026-06-30T20:12:33
Serve Onboarding - Know Your Constituents Viewed,serve_onboarding_know_your_constituents_viewed,b2f1f6c21a0949156b851cf80326878d990a5950,https://github.com/thegoodparty/omni/pull/323,2026-06-24,145415012+oakinh@users.noreply.github.com,,,,,2026-06-24,1,,2026-06-30T20:12:33
Serve Onboarding - Magic Link Activated,serve_onboarding_magic_link_activated,4cc1cb142febe9084e5dde6771d6bdbd29f25e46,https://github.com/thegoodparty/omni/pull/198,2026-06-18,145415012+oakinh@users.noreply.github.com,b2f1f6c21a0949156b851cf80326878d990a5950,https://github.com/thegoodparty/omni/pull/323,2026-06-24,145415012+oakinh@users.noreply.github.com,2026-06-24,,,2026-06-30T20:12:33
Serve Onboarding - Magic Link Sent,serve_onboarding_magic_link_sent,4cc1cb142febe9084e5dde6771d6bdbd29f25e46,https://github.com/thegoodparty/omni/pull/198,2026-06-18,145415012+oakinh@users.noreply.github.com,b2f1f6c21a0949156b851cf80326878d990a5950,https://github.com/thegoodparty/omni/pull/323,2026-06-24,145415012+oakinh@users.noreply.github.com,2026-06-24,,,2026-06-30T20:12:33
Serve Onboarding - Meet Your Constituents Viewed,serve_onboarding_meet_your_constituents_viewed,3f61c919fcb19db7270362a4767ab98ed1a10a88,https://github.com/thegoodparty/omni/pull/1022,2025-10-09,145415012+oakinh@users.noreply.github.com,,,,,2025-10-09,1,,2026-06-30T20:12:33
Serve Onboarding - Net New Completed,serve_onboarding_net_new_completed,4cc1cb142febe9084e5dde6771d6bdbd29f25e46,https://github.com/thegoodparty/omni/pull/198,2026-06-18,145415012+oakinh@users.noreply.github.com,,,,,2026-06-18,1,,2026-06-30T20:12:33
Serve Onboarding - Office Completed,serve_onboarding_office_completed,b2f1f6c21a0949156b851cf80326878d990a5950,https://github.com/thegoodparty/omni/pull/323,2026-06-24,145415012+oakinh@users.noreply.github.com,,,,,2026-06-24,1,,2026-06-30T20:12:33
Serve Onboarding - Office Status Viewed,serve_onboarding_office_status_viewed,b2f1f6c21a0949156b851cf80326878d990a5950,https://github.com/thegoodparty/omni/pull/323,2026-06-24,145415012+oakinh@users.noreply.github.com,,,,,2026-06-24,1,,2026-06-30T20:12:33
Serve Onboarding - Office Viewed,serve_onboarding_office_viewed,b2f1f6c21a0949156b851cf80326878d990a5950,https://github.com/thegoodparty/omni/pull/323,2026-06-24,145415012+oakinh@users.noreply.github.com,,,,,2026-06-24,1,,2026-06-30T20:12:33
Serve Onboarding - Party Designation Blocked,serve_onboarding_party_designation_blocked,ae984537c1f51541d46404e6025924407b40adad,https://github.com/thegoodparty/omni/pull/254,2026-06-22,145415012+oakinh@users.noreply.github.com,,,,,2026-06-22,1,,2026-06-30T20:12:33
Serve Onboarding - Party Designation Viewed,serve_onboarding_party_designation_viewed,b2f1f6c21a0949156b851cf80326878d990a5950,https://github.com/thegoodparty/omni/pull/323,2026-06-24,145415012+oakinh@users.noreply.github.com,,,,,2026-06-24,1,,2026-06-30T20:12:33
Serve Onboarding - Pledge Completed,serve_onboarding_pledge_completed,b2f1f6c21a0949156b851cf80326878d990a5950,https://github.com/thegoodparty/omni/pull/323,2026-06-24,145415012+oakinh@users.noreply.github.com,,,,,2026-06-24,1,,2026-06-30T20:12:33
Serve Onboarding - Pledge Viewed,serve_onboarding_pledge_viewed,b2f1f6c21a0949156b851cf80326878d990a5950,https://github.com/thegoodparty/omni/pull/323,2026-06-24,145415012+oakinh@users.noreply.github.com,,,,,2026-06-24,1,,2026-06-30T20:12:33
Serve Onboarding - Poll Image Uploaded,serve_onboarding_poll_image_uploaded,3f61c919fcb19db7270362a4767ab98ed1a10a88,https://github.com/thegoodparty/omni/pull/1022,2025-10-09,145415012+oakinh@users.noreply.github.com,,,,,2025-10-09,1,,2026-06-30T20:12:33
Serve Onboarding - Poll Preview Viewed,serve_onboarding_poll_preview_viewed,3f61c919fcb19db7270362a4767ab98ed1a10a88,https://github.com/thegoodparty/omni/pull/1022,2025-10-09,145415012+oakinh@users.noreply.github.com,,,,,2025-10-09,1,,2026-06-30T20:12:33
Serve Onboarding - Poll Strategy Viewed,serve_onboarding_poll_strategy_viewed,3f61c919fcb19db7270362a4767ab98ed1a10a88,https://github.com/thegoodparty/omni/pull/1022,2025-10-09,145415012+oakinh@users.noreply.github.com,,,,,2025-10-09,1,,2026-06-30T20:12:33
Serve Onboarding - Poll Value Props Viewed,serve_onboarding_poll_value_props_viewed,3f61c919fcb19db7270362a4767ab98ed1a10a88,https://github.com/thegoodparty/omni/pull/1022,2025-10-09,145415012+oakinh@users.noreply.github.com,,,,,2025-10-09,1,,2026-06-30T20:12:33
Serve Onboarding - SMS Poll Creation Failed,serve_onboarding_sms_poll_creation_failed,4537360b9cd5f5071c5b1f99364e310e0b225620,https://github.com/thegoodparty/omni/pull/1374,2026-02-04,swain.molster@gmail.com,,,,,2026-02-04,1,,2026-06-30T20:12:33
Serve Onboarding - SMS Poll Sent,serve_onboarding_sms_poll_sent,3f61c919fcb19db7270362a4767ab98ed1a10a88,https://github.com/thegoodparty/omni/pull/1022,2025-10-09,145415012+oakinh@users.noreply.github.com,,,,,2025-10-09,1,,2026-06-30T20:12:33
Serve Onboarding - Success Page Viewed,serve_onboarding_success_page_viewed,33f319823719eb25aef1fe2812184a61b23a41f6,https://github.com/thegoodparty/omni/pull/1098,2025-10-29,stephtea@users.noreply.github.com,,,,,2025-10-29,1,,2026-06-30T20:12:33
Serve Onboarding - Sworn In Completed,serve_onboarding_sworn_in_completed,20a7ac0f8561471fa493aab7be2b3a8cd0c014de,https://github.com/thegoodparty/omni/pull/1103,2025-10-30,stephtea@users.noreply.github.com,,,,,2025-10-30,1,,2026-06-30T20:12:33
Serve Onboarding - Sworn In Viewed,serve_onboarding_sworn_in_viewed,33f319823719eb25aef1fe2812184a61b23a41f6,https://github.com/thegoodparty/omni/pull/1098,2025-10-29,stephtea@users.noreply.github.com,,,,,2025-10-29,1,,2026-06-30T20:12:33
Serve Onboarding - Term Dates Viewed,serve_onboarding_term_dates_viewed,b2f1f6c21a0949156b851cf80326878d990a5950,https://github.com/thegoodparty/omni/pull/323,2026-06-24,145415012+oakinh@users.noreply.github.com,,,,,2026-06-24,1,,2026-06-30T20:12:33
Serve Onboarding - Welcome Viewed,serve_onboarding_welcome_viewed,b2f1f6c21a0949156b851cf80326878d990a5950,https://github.com/thegoodparty/omni/pull/323,2026-06-24,145415012+oakinh@users.noreply.github.com,,,,,2026-06-24,1,,2026-06-30T20:12:33
Set Password: Click Set Password,set_password_click_set_password,aeb23786b697e849c6684f4fc08acb0964fae1fe,https://github.com/thegoodparty/omni/pull/513,2025-03-06,snayak00@gmail.com,58821b65733bc3b6da57c261c7602ee7e8f1c6e5,https://github.com/thegoodparty/omni/pull/732,2026-07-13,tristan@goodparty.org,2026-07-13,,,2026-07-13T21:45:27
Settings - Account Settings: Click Manage Pro Subscription,settings_account_settings_click_manage_pro_subscription,1170c2777b41a1baf9f50650655aa705fdf7bbb3,,2025-02-26,snayak00@gmail.com,,,,,2025-02-26,,,2026-06-30T20:12:33
Settings - Account Settings: Click Send Email,settings_account_settings_click_send_email,1170c2777b41a1baf9f50650655aa705fdf7bbb3,,2025-02-26,snayak00@gmail.com,76c2256cac0700dca9c4094a44961a2d90487934,https://github.com/thegoodparty/omni/pull/732,2026-07-13,tristan@goodparty.org,2026-07-13,,,2026-07-13T21:45:27
Settings - Account Settings: Click Upgrade,settings_account_settings_click_upgrade,1170c2777b41a1baf9f50650655aa705fdf7bbb3,,2025-02-26,snayak00@gmail.com,,,,,2025-02-26,,,2026-06-30T20:12:33
Settings - Delete Account: Cancel Delete,settings_delete_account_cancel_delete,1170c2777b41a1baf9f50650655aa705fdf7bbb3,,2025-02-26,snayak00@gmail.com,,,,,2026-07-16,,,2026-07-20T11:56:25
Settings - Delete Account: Click Delete,settings_delete_account_click_delete,1170c2777b41a1baf9f50650655aa705fdf7bbb3,,2025-02-26,snayak00@gmail.com,,,,,2026-07-16,,,2026-07-20T11:56:25
Settings - Delete Account: Submit Delete,settings_delete_account_submit_delete,1170c2777b41a1baf9f50650655aa705fdf7bbb3,,2025-02-26,snayak00@gmail.com,,,,,2026-07-16,,,2026-07-20T11:56:25
Settings - Notifications: Toggle Email,settings_notifications_toggle_email,1170c2777b41a1baf9f50650655aa705fdf7bbb3,,2025-02-26,snayak00@gmail.com,,,,,2025-02-26,,,2026-06-30T20:12:33
Settings - Password: Click Save,settings_password_click_save,1170c2777b41a1baf9f50650655aa705fdf7bbb3,,2025-02-26,snayak00@gmail.com,58821b65733bc3b6da57c261c7602ee7e8f1c6e5,https://github.com/thegoodparty/omni/pull/732,2026-07-13,tristan@goodparty.org,2026-07-13,,,2026-07-13T21:45:27
Settings - Personal Info: Click Save,settings_personal_info_click_save,1170c2777b41a1baf9f50650655aa705fdf7bbb3,,2025-02-26,snayak00@gmail.com,76c2256cac0700dca9c4094a44961a2d90487934,https://github.com/thegoodparty/omni/pull/732,2026-07-13,tristan@goodparty.org,2026-07-13,,,2026-07-13T21:45:27
Settings - Personal Info: Click Upload,settings_personal_info_click_upload,1170c2777b41a1baf9f50650655aa705fdf7bbb3,,2025-02-26,snayak00@gmail.com,,,,,2025-02-26,,,2026-06-30T20:12:33
Sign In: Click Create Account,sign_in_click_create_account,1170c2777b41a1baf9f50650655aa705fdf7bbb3,,2025-02-26,snayak00@gmail.com,58821b65733bc3b6da57c261c7602ee7e8f1c6e5,https://github.com/thegoodparty/omni/pull/732,2026-07-13,tristan@goodparty.org,2026-07-13,,,2026-07-13T21:45:27
Sign In: Click Forgot Password,sign_in_click_forgot_password,1170c2777b41a1baf9f50650655aa705fdf7bbb3,,2025-02-26,snayak00@gmail.com,58821b65733bc3b6da57c261c7602ee7e8f1c6e5,https://github.com/thegoodparty/omni/pull/732,2026-07-13,tristan@goodparty.org,2026-07-13,,,2026-07-13T21:45:27
Sign Up Clicked,sign_up_clicked,,,,,,,,,,,,2026-06-30T20:12:33
Sign Up: Click Login,sign_up_click_login,1170c2777b41a1baf9f50650655aa705fdf7bbb3,,2025-02-26,snayak00@gmail.com,,,,,2026-07-16,1,,2026-07-20T11:56:25
Viewed,viewed,,,,,,,,,,,,2026-06-30T20:12:33
Viewed /elections/ak/tanana-city-school-district,viewed_elections_ak_tanana_city_school_district,,,,,,,,,,,,2026-06-30T20:12:33
Viewed /elections/chippewa-county-clerk/145f1d,viewed_elections_chippewa_county_clerk_145f1d,,,,,,,,,,,,2026-06-30T20:12:33
Viewed /elections/ia/red-oak-community-school-district,viewed_elections_ia_red_oak_community_school_district,,,,,,,,,,,,2026-06-30T20:12:33
Viewed /elections/mi/monroe-county/monroe/position/city-clerk-ward-officer,viewed_elections_mi_monroe_county_monroe_position_city_clerk_ward_officer,,,,,,,,,,,,2026-06-30T20:12:33
Viewed /elections/nv/elko/point-of-rocks,viewed_elections_nv_elko_point_of_rocks,,,,,,,,,,,,2026-06-30T20:12:33
Viewed /elections/pa,viewed_elections_pa,,,,,,,,,,,,2026-06-30T20:12:33
Viewed /elections/tx/borger-independent-school-district,viewed_elections_tx_borger_independent_school_district,,,,,,,,,,,,2026-06-30T20:12:33
Viewed /elections/tx/gray/hoover,viewed_elections_tx_gray_hoover,,,,,,,,,,,,2026-06-30T20:12:33
Viewed /elections/tx/saint-jo-independent-school-district,viewed_elections_tx_saint_jo_independent_school_district,,,,,,,,,,,,2026-06-30T20:12:33
Viewed /elections/va/wise/dixiana,viewed_elections_va_wise_dixiana,,,,,,,,,,,,2026-06-30T20:12:33
Voter Data - Activity List Created,voter_data_activity_list_created,a0eb41932492f5c96a88f169f5552cfe1591ed17,https://github.com/thegoodparty/omni/pull/852,2026-07-17,tomer@goodparty.org,,,,,2026-07-17,,,2026-07-20T11:56:25
Voter Data - Contact Logged,voter_data_contact_logged,4caf631aca9e57004c99b5a818c947ab537b2abf,,2026-07-17,tomer@goodparty.org,f4ae7ce7580d4c89803f9be1cd0a8904a48c91bf,,2026-07-17,tomer@goodparty.org,2026-07-17,,,2026-07-20T11:56:25
Voter Data - Contact Searched,voter_data_contact_searched,,,2026-07-16,,,,,,2026-07-16,,,2026-07-16T14:17:19
Voter Data - Contact Viewed,voter_data_contact_viewed,4caf631aca9e57004c99b5a818c947ab537b2abf,,2026-07-17,tomer@goodparty.org,,,,,2026-07-17,,,2026-07-20T11:56:25
Voter Data - Custom Voter File - Audience: Click Back,voter_data_custom_voter_file_audience_click_back,1170c2777b41a1baf9f50650655aa705fdf7bbb3,,2025-02-26,snayak00@gmail.com,,,,,2025-02-26,,,2026-06-30T20:12:33
Voter Data - Custom Voter File: Click Create,voter_data_custom_voter_file_click_create,1170c2777b41a1baf9f50650655aa705fdf7bbb3,,2025-02-26,snayak00@gmail.com,,,,,2025-02-26,,,2026-06-30T20:12:33
Voter Data - Custom Voter File: Click Next,voter_data_custom_voter_file_click_next,1170c2777b41a1baf9f50650655aa705fdf7bbb3,,2025-02-26,snayak00@gmail.com,,,,,2025-02-26,,,2026-06-30T20:12:33
Voter Data - Custom Voter File: Exit modal,voter_data_custom_voter_file_exit_modal,1170c2777b41a1baf9f50650655aa705fdf7bbb3,,2025-02-26,snayak00@gmail.com,,,,,2025-02-26,,,2026-06-30T20:12:33
Voter Data - Custom Voter File: Select Channel,voter_data_custom_voter_file_select_channel,1170c2777b41a1baf9f50650655aa705fdf7bbb3,,2025-02-26,snayak00@gmail.com,,,,,2025-02-26,,,2026-06-30T20:12:33
Voter Data - Custom Voter File: Select Purpose,voter_data_custom_voter_file_select_purpose,1170c2777b41a1baf9f50650655aa705fdf7bbb3,,2025-02-26,snayak00@gmail.com,,,,,2025-02-26,,,2026-06-30T20:12:33
Voter Data - File Detail - Learn & Take Action: Click Read More,voter_data_file_detail_learn_take_action_click_read_more,1170c2777b41a1baf9f50650655aa705fdf7bbb3,,2025-02-26,snayak00@gmail.com,,,,,2025-02-26,,,2026-06-30T20:12:33
Voter Data - File Detail - Learn & Take Action: Click Schedule,voter_data_file_detail_learn_take_action_click_schedule,1170c2777b41a1baf9f50650655aa705fdf7bbb3,,2025-02-26,snayak00@gmail.com,,,,,2025-02-26,,,2026-06-30T20:12:33
Voter Data - File Detail - Learn & Take Action: Click Write Script,voter_data_file_detail_learn_take_action_click_write_script,1170c2777b41a1baf9f50650655aa705fdf7bbb3,,2025-02-26,snayak00@gmail.com,,,,,2025-02-26,,,2026-06-30T20:12:33
Voter Data - File Detail - Recommended Partners: Click Read More,voter_data_file_detail_recommended_partners_click_read_more,1170c2777b41a1baf9f50650655aa705fdf7bbb3,,2025-02-26,snayak00@gmail.com,,,,,2025-02-26,,,2026-06-30T20:12:33
Voter Data - File Detail: Click Back,voter_data_file_detail_click_back,1170c2777b41a1baf9f50650655aa705fdf7bbb3,,2025-02-26,snayak00@gmail.com,,,,,2025-02-26,,,2026-06-30T20:12:33
Voter Data - File Detail: Click Custom File Info Icon,voter_data_file_detail_click_custom_file_info_icon,1170c2777b41a1baf9f50650655aa705fdf7bbb3,,2025-02-26,snayak00@gmail.com,,,,,2025-02-26,,,2026-06-30T20:12:33
Voter Data - File Detail: Click Download CSV,voter_data_file_detail_click_download_csv,1170c2777b41a1baf9f50650655aa705fdf7bbb3,,2025-02-26,snayak00@gmail.com,,,,,2025-02-26,,,2026-06-30T20:12:33
Voter Data - File Detail: Click View Audience Filters,voter_data_file_detail_click_view_audience_filters,1170c2777b41a1baf9f50650655aa705fdf7bbb3,,2025-02-26,snayak00@gmail.com,,,,,2025-02-26,,,2026-06-30T20:12:33
Voter Data - List Created,voter_data_list_created,a0eb41932492f5c96a88f169f5552cfe1591ed17,https://github.com/thegoodparty/omni/pull/852,2026-07-17,tomer@goodparty.org,,,,,2026-07-17,,,2026-07-20T11:56:25
Voter Data - List Exported,voter_data_list_exported,a0eb41932492f5c96a88f169f5552cfe1591ed17,https://github.com/thegoodparty/omni/pull/852,2026-07-17,tomer@goodparty.org,,,,,2026-07-17,,,2026-07-20T11:56:25
Voter Data - Need Help: Exit modal,voter_data_need_help_exit_modal,1170c2777b41a1baf9f50650655aa705fdf7bbb3,,2025-02-26,snayak00@gmail.com,,,,,2025-02-26,,,2026-06-30T20:12:33
Voter Data - Need Help: Select Voter File type,voter_data_need_help_select_voter_file_type,1170c2777b41a1baf9f50650655aa705fdf7bbb3,,2025-02-26,snayak00@gmail.com,,,,,2025-02-26,,,2026-06-30T20:12:33
Voter Data - Need Help: Submit,voter_data_need_help_submit,1170c2777b41a1baf9f50650655aa705fdf7bbb3,,2025-02-26,snayak00@gmail.com,,,,,2025-02-26,,,2026-06-30T20:12:33
Voter Data - Note Added,voter_data_note_added,54343bfe5bc2c22bd5db8f7faaa98208d7c8017f,,2026-07-16,tomer@goodparty.org,,,,,2026-07-16,,,2026-07-20T11:56:25
Voter Data - Send Outreach Clicked,voter_data_send_outreach_clicked,07933cd077828e68440067f9dadf5dd5c668390d,https://github.com/thegoodparty/omni/pull/959,2026-07-22,tomer@goodparty.org,,,,,2026-07-22,,,2026-07-27T12:04:25
Voter Data: Click Create Custom Voter File,voter_data_click_create_custom_voter_file,1170c2777b41a1baf9f50650655aa705fdf7bbb3,,2025-02-26,snayak00@gmail.com,,,,,2025-02-26,,,2026-06-30T20:12:33
Voter Data: Click Detail View,voter_data_click_detail_view,1170c2777b41a1baf9f50650655aa705fdf7bbb3,,2025-02-26,snayak00@gmail.com,,,,,2025-02-26,,,2026-06-30T20:12:33
Voter Data: Click Need Help,voter_data_click_need_help,1170c2777b41a1baf9f50650655aa705fdf7bbb3,,2025-02-26,snayak00@gmail.com,,,,,2025-02-26,,,2026-06-30T20:12:33
Voter Outreach - 10DLC Compliance Candidate Profile Submitted,voter_outreach_10dlc_compliance_candidate_profile_submitted,42565318c3da10e5da70349fda27c74218a738b2,https://github.com/thegoodparty/omni/pull/747,2026-07-14,tomer@goodparty.org,,,,,2026-07-14,,,2026-07-20T11:56:25
Voter Outreach - 10DLC Compliance Completed,voter_outreach_10dlc_compliance_completed,a52bc1af5ee58f5b2492165ff4d973a76cf4db8b,https://github.com/thegoodparty/omni/pull/457,2025-08-19,lurchbulldog@gmail.com,,,,,2025-08-19,,,2026-06-30T20:12:33
Voter Outreach - 10DLC Compliance Form Submitted,voter_outreach_10dlc_compliance_form_submitted,8434d128fc9812dcdde58effacd26458fccd95cc,https://github.com/thegoodparty/omni/pull/894,2025-08-20,lurchbulldog@gmail.com,,,,,2026-03-09,,,2026-06-30T20:12:33
Voter Outreach - 10DLC Compliance Modal Viewed,voter_outreach_10dlc_compliance_modal_viewed,3f45b71a832475c190658d02e61151e16b0c6e65,https://github.com/thegoodparty/omni/pull/1497,2026-03-03,patrick@goodparty.org,,,,,2026-03-03,,,2026-06-30T20:12:33
Voter Outreach - 10DLC Compliance PIN Resent,voter_outreach_10dlc_compliance_pin_resent,,https://github.com/thegoodparty/omni/pull/854,2026-07-17,,,,,,2026-07-17,,,2026-07-17T16:22:40
Voter Outreach - 10DLC Compliance PIN Sent,voter_outreach_10dlc_compliance_pin_sent,d6d826ac16f8d807375d6b6b0971a8bb0d1e750f,https://github.com/thegoodparty/omni/pull/679,2026-07-08,tomer@goodparty.org,,,,,2026-07-08,,,2026-07-13T17:19:23
Voter Outreach - 10DLC Compliance PIN Submitted,voter_outreach_10dlc_compliance_pin_submitted,8434d128fc9812dcdde58effacd26458fccd95cc,https://github.com/thegoodparty/omni/pull/894,2025-08-20,lurchbulldog@gmail.com,,,,,2026-03-09,,,2026-06-30T20:12:33
Voter Outreach - 10DLC Compliance Rejected,voter_outreach_10dlc_compliance_rejected,,https://github.com/thegoodparty/omni/pull/974,2026-07-22,,,,,,2026-07-22,,,2026-07-22T22:17:55
Voter Outreach - 10DLC Compliance Started,voter_outreach_10dlc_compliance_started,2b9f22689ccc9e29678a4482de65a62db2e1d322,https://github.com/thegoodparty/omni/pull/946,2025-09-09,lurchbulldog@gmail.com,,,,,2025-09-09,,,2026-06-30T20:12:33
Voter Outreach - Campaign Completed,voter_outreach_campaign_completed,703131cfff639170bd836b12c6d00c13e1fc1432,https://github.com/thegoodparty/omni/pull/708,2025-06-18,145415012+oakinh@users.noreply.github.com,,,,,2025-06-18,3,,2026-06-30T20:12:33
Voter Outreach - Free Texts Offer Redeemed,voter_outreach_free_texts_offer_redeemed,aa90af3d789823511f82e9d81dee84417a82b0c2,https://github.com/thegoodparty/omni/pull/520,2025-09-08,israel@goodparty.org,,,,,2025-09-08,,,2026-06-30T20:12:33
Voter Outreach - Payment Started,voter_outreach_payment_started,2b9f22689ccc9e29678a4482de65a62db2e1d322,https://github.com/thegoodparty/omni/pull/946,2025-09-09,lurchbulldog@gmail.com,,,,,2025-09-09,,,2026-06-30T20:12:33
Win - Opponent Activity Viewed,win_opponent_activity_viewed,,,2026-06-28,,,,,,2026-06-28,1,,2026-06-28T07:37:49
Win - Opponent Profile Viewed,win_opponent_profile_viewed,,,2026-06-28,,,,,,2026-06-28,2,,2026-06-28T07:37:49
Win - Opponent Research Started,win_opponent_research_started,,https://github.com/thegoodparty/omni/pull/557,2026-06-30,,,,,,2026-06-30,1,,2026-06-30T15:16:14
Win - Opponent Standout Action Clicked,win_opponent_standout_action_clicked,902bea1fd,https://github.com/thegoodparty/omni/pull/663,2026-07-07,,,,,,2026-07-07,1,,2026-07-07T00:20:08
Win - Opponent Standout Actions Viewed,win_opponent_standout_actions_viewed,902bea1fd,https://github.com/thegoodparty/omni/pull/663,2026-07-07,,,,,,2026-07-07,1,,2026-07-07T00:20:08
Win - Opponent Upgrade Viewed,win_opponent_upgrade_viewed,,https://github.com/thegoodparty/omni/pull/557,2026-06-30,,,,,,2026-06-30,1,,2026-06-30T15:16:13
Win - Opponents Manually Added,win_opponents_manually_added,,https://github.com/thegoodparty/omni/pull/557,2026-06-30,,,,,,2026-06-30,1,,2026-06-30T15:16:14
Win - Self Research Completed,win_self_research_completed,,,2026-06-28,,,,,,2026-06-28,,,2026-06-28T07:37:49
Win Onboarding - Magic Link Sent,win_onboarding_magic_link_sent,a68dbdba9ae55bd61453beee21edff8edf1a949d,https://github.com/thegoodparty/omni/pull/318,2026-06-23,145415012+oakinh@users.noreply.github.com,0457c312a51f110b32f82d85c2b2103969f8e8a5,https://github.com/thegoodparty/omni/pull/349,2026-06-24,145415012+oakinh@users.noreply.github.com,2026-06-24,,,2026-06-30T20:12:33
[AI Visibility] Brand Snapshot,ai_visibility_brand_snapshot,,,,,,,,,,,,2026-06-30T20:12:33
[Amplitude] Dead Click,amplitude_dead_click,,,,,,,,,,,,2026-06-30T20:12:33
[Amplitude] Element Changed,amplitude_element_changed,,,,,,,,,,,,2026-06-30T20:12:33
[Amplitude] Element Clicked,amplitude_element_clicked,,,,,,,,,,,,2026-06-30T20:12:33
[Amplitude] File Downloaded,amplitude_file_downloaded,,,,,,,,,,,,2026-06-30T20:12:33
[Amplitude] Form Started,amplitude_form_started,,,,,,,,,,,,2026-06-30T20:12:33
[Amplitude] Form Submitted,amplitude_form_submitted,,,,,,,,,,,,2026-06-30T20:12:33
[Amplitude] Network Request,amplitude_network_request,,,,,,,,,,,,2026-06-30T20:12:33
[Amplitude] Page Viewed,amplitude_page_viewed,,,,,,,,,,,,2026-06-30T20:12:33
[Amplitude] Rage Click,amplitude_rage_click,,,,,,,,,,,,2026-06-30T20:12:33
[Amplitude] Replay Captured,amplitude_replay_captured,,,,,,,,,,,,2026-06-30T20:12:33
[Amplitude] Viewport Content Updated,amplitude_viewport_content_updated,,,,,,,,,,,,2026-06-30T20:12:33
[Amplitude] Web Vitals,amplitude_web_vitals,,,,,,,,,,,,2026-06-30T20:12:33
[Experiment] Assignment,experiment_assignment,,,,,,,,,,,,2026-06-30T20:12:33
[Experiment] Exposure,experiment_exposure,,,,,,,,,,,,2026-06-30T20:12:33
[Experiment] Impression,experiment_impression,,,,,,,,,,,,2026-06-30T20:12:33
ai_content_generation_start,ai_content_generation_start,a295f87f437a729b81c86adc2dc789ad9f1e3d18,https://github.com/thegoodparty/omni/pull/316,2024-10-18,oldfashionedrobot@users.noreply.github.com,,,,,2024-10-18,,,2026-06-30T20:12:33
campaign_assistant_chatbot_input,campaign_assistant_chatbot_input,505dda0aafa691533330bcc405dd3d1bc796335d,https://github.com/thegoodparty/omni/pull/315,2024-10-18,oldfashionedrobot@users.noreply.github.com,1a56730282e3effe99704f71b79ac9d6a7204c78,https://github.com/thegoodparty/omni/pull/1033,2026-07-27,5633757+dealvz@users.noreply.github.com,2026-07-27,,,2026-07-28T22:45:44
candidate CTA cancelled,candidate_cta_cancelled,5a9f8ed2d3b00f846e0d28fbb264d38e930d31f7,,2024-06-10,tomer@goodparty.org,ce8a2d7cb62e2543a880af29fcaba66486e159c7,https://github.com/thegoodparty/omni/pull/862,2025-08-13,tomer@goodparty.org,2025-08-13,,,2026-06-30T20:12:33
candidate CTA clicked,candidate_cta_clicked,c0a574c0e56c270af68bf4cf82729bc30f967bf0,,2024-06-08,tomer@goodparty.org,ce8a2d7cb62e2543a880af29fcaba66486e159c7,https://github.com/thegoodparty/omni/pull/862,2025-08-13,tomer@goodparty.org,2025-08-13,,,2026-06-30T20:12:33
candidate CTA selected,candidate_cta_selected,5a9f8ed2d3b00f846e0d28fbb264d38e930d31f7,,2024-06-10,tomer@goodparty.org,ce8a2d7cb62e2543a880af29fcaba66486e159c7,https://github.com/thegoodparty/omni/pull/862,2025-08-13,tomer@goodparty.org,2025-08-13,,,2026-06-30T20:12:33
gtm.dom,gtm_dom,,,,,,,,,,,,2026-06-30T20:12:33
gtm.init,gtm_init,,,,,,,,,,,,2026-06-30T20:12:33
gtm.init_consent,gtm_init_consent,,,,,,,,,,,,2026-06-30T20:12:33
gtm.js,gtm_js,,,,,,,,,,,,2026-06-30T20:12:33
likelihood-to-cancel,likelihood_to_cancel,,,,,,,,,,,,2026-06-30T20:12:33
onboarding_complete,onboarding_complete,650f61b4990c565bb4dff96419754e338ab088c2,,2024-08-26,tomer@goodparty.org,85954771b6d545e35af77bf5ca3ae86e9cbdb80d,https://github.com/thegoodparty/omni/pull/1790,2026-05-05,5633757+dealvz@users.noreply.github.com,2026-05-05,,,2026-06-30T20:12:33
page,page,25e499d086229c3ef5ed89d240d3432a608c9a01,,2025-03-23,tomer@goodparty.org,,,,,2026-02-08,,,2026-06-30T20:12:33
page viewed,page_viewed,,,,,,,,,,,,2026-06-30T20:12:33
page_view,page_view,,,,,,,,,,,,2026-06-30T20:12:33
pro_upgrade_complete,pro_upgrade_complete,650f61b4990c565bb4dff96419754e338ab088c2,,2024-08-26,tomer@goodparty.org,,,,,2026-05-08,,,2026-06-30T20:12:33
question_complete,question_complete,650f61b4990c565bb4dff96419754e338ab088c2,,2024-08-26,tomer@goodparty.org,,,,,2025-12-17,,,2026-06-30T20:12:33
schedule_campaign_image_too_large,schedule_campaign_image_too_large,4bed7aad64c8a8212e618db564bcb28ad2b9be5e,https://github.com/thegoodparty/omni/pull/338,2024-10-30,oldfashionedrobot@users.noreply.github.com,,,,,2024-10-30,,,2026-06-30T20:12:33
screen,screen,,,,,,,,,,,,2026-06-30T20:12:33
session_end,session_end,,,,,,,,,,,,2026-06-30T20:12:33
session_start,session_start,,,,,,,,,,,,2026-06-30T20:12:33
usersnap_submission,usersnap_submission,634a1c354de73cca6e6a0393dbdd0ac6dc3c7ae2,https://github.com/thegoodparty/omni/pull/293,2024-10-04,snayak00@gmail.com,e256bd33a54df1a412dcbe055be41d284f5ce195,https://github.com/thegoodparty/omni/pull/1495,2026-03-02,bryan@mac.lan,2026-03-02,,,2026-06-30T20:12:33
